year,subject,topic,exam,exercise,exercise_type
2024,química,acido_base,Julio,Ejercicio C3,neutralización ácido base
2024,química,acido_base,Junio,Ejercicio B5,verdadero o falso
2024,química,acido_base,Junio,Ejercicio C3,reacciones ácido /  base débil
2024,química,acido_base,Reserva 1,Ejercicio B5,cuestión teórica
2024,química,acido_base,Reserva 1,Ejercicio C3,neutralización ácido base
2024,química,acido_base,Reserva 2,Ejercicio C3,neutralización ácido base
2024,química,acido_base,Reserva 3,Ejercicio C3,reacciones ácido /  base débil
2024,química,acido_base,Reserva 4,Ejercicio B4,cuestión teórica
2024,química,acido_base,Reserva 4,Ejercicio C3,neutralización ácido base
2023,química,acido_base,Julio,Ejercicio B5,cuestión teórica
2023,química,acido_base,Julio,Ejercicio C3,neutralización ácido base
2023,química,acido_base,Junio,Ejercicio B4,cuestión teórica
2023,química,acido_base,Junio,Ejercicio C3,reacciones ácido /  base débil
2023,química,acido_base,Reserva 1,Ejercicio C3,reacciones ácido /  base débil
2023,química,acido_base,Reserva 2,Ejercicio B5,verdadero o falso
2023,química,acido_base,Reserva 2,Ejercicio C3,reacciones ácido /  base débil
2023,química,acido_base,Reserva 3,Ejercicio C3,neutralización ácido base
2023,química,acido_base,Reserva 4,Ejercicio B5,verdadero o falso
2023,química,acido_base,Reserva 4,Ejercicio C3,reacciones ácido /  base débil
2022,química,acido_base,Julio,Ejercicio B4,verdadero o falso
2022,química,acido_base,Julio,Ejercicio C3,reacciones ácido /  base débil
2022,química,acido_base,Junio,B5,cuestión teórica
2022,química,acido_base,Junio,Ejercicio C3,neutralización ácido base
2022,química,acido_base,Reserva 1,Ejercicio C3,neutralización ácido base
2022,química,acido_base,Reserva 2,Ejercicio B5,cuestión teórica
2022,química,acido_base,Reserva 2,Ejercicio C3,reacciones ácido /  base débil
2022,química,acido_base,Reserva 3,Ejercicio B5,hidrólisis de sales
2022,química,acido_base,Reserva 3,Ejercicio C3,reacciones ácido /  base débil
2022,química,acido_base,Reserva 4,Ejercicio C3,reacciones ácido /  base débil
2021,química,acido_base,Julio,Ejercicio B5,verdadero o falso
2021,química,acido_base,Julio,Ejercicio C3,reacciones ácido /  base débil
2021,química,acido_base,Junio,Ejercicio B5,cuestión teórica
2021,química,acido_base,Junio,Ejercicio C3,neutralización ácido base
2021,química,acido_base,Reserva 1,Ejercicio C3,reacciones ácido /  base débil
2021,química,acido_base,Reserva 2,Ejercicio B4,verdadero o falso
2021,química,acido_base,Reserva 2,Ejercicio C3,reacciones ácido /  base débil
2021,química,acido_base,Reserva 3,Ejercicio C3,reacciones ácido /  base débil
2021,química,acido_base,Reserva 4,Ejercicio B5,cuestión teórica
2021,química,acido_base,Reserva 4,Ejercicio C3,neutralización ácido base
2020,química,acido_base,Junio,B5,cuestión teórica
2020,química,acido_base,Junio,C3,reacciones ácido /  base débil
2020,química,acido_base,Reserva 1,Ejercicio B4,verdadero o falso
2020,química,acido_base,Reserva 1,Ejercicio C3,reacciones ácido /  base débil
2020,química,acido_base,Reserva 2,Ejercicio C3,neutralización ácido base
2020,química,acido_base,Reserva 3,Ejercicio B5,cuestión teórica
2020,química,acido_base,Reserva 3,Ejercicio C3,reacciones ácido /  base débil
2020,química,acido_base,Reserva 4,Ejercicio B5,hidrólisis de sales
2020,química,acido_base,Reserva 4,Ejercicio C3,neutralización ácido base
2020,química,acido_base,Septiembre,C3,reacciones ácido /  base débil
2019,química,acido_base,Junio,Ejercicio 5 Opción A,reacciones ácido /  base débil
2019,química,acido_base,Junio,Ejercicio 3 Opción B,verdadero o falso
2019,química,acido_base,Reserva 1,Ejercicio 5 Opción A,neutralización ácido base
2019,química,acido_base,Reserva 2,Ejercicio 5 Opción B,reacciones ácido /  base débil
2019,química,acido_base,Reserva 3,Ejercicio 3 Opción B,verdadero o falso
2019,química,acido_base,Reserva 3,Ejercicio 5 Opción A,reacciones ácido /  base débil
2019,química,acido_base,Reserva 4,Ejercicio 4 Opción B,verdadero o falso
2019,química,acido_base,Reserva 4,Ejercicio 6 Opción A,reacciones ácido /  base débil
2019,química,acido_base,Septiembre,Ejercicio 5 Opción A,reacciones ácido /  base débil
2019,química,acido_base,Septiembre,Ejercicio 3 Opción B,cuestión teórica
2018,química,acido_base,Junio,Ejercicio 6 Opción A,neutralización ácido base
2018,química,acido_base,Junio,Ejercicio 4 Opción B,cuestión teórica
2018,química,acido_base,Reserva 1,Ejercicio 3 Opción B,cuestión teórica
2018,química,acido_base,Reserva 1,Ejercicio 5 Opción A,neutralización ácido base
2018,química,acido_base,Reserva 2,Ejercicio 5 Opción A,reacciones ácido /  base débil
2018,química,acido_base,Reserva 3,Ejercicio 3 Opción B,cuestión teórica
2018,química,acido_base,Reserva 3,Ejercicio 5 Opción A,reacciones ácido /  base débil
2018,química,acido_base,Reserva 4,Ejercicio 3 Opción B,verdadero o falso
2018,química,acido_base,Reserva 4,Ejercicio 5 Opción A,neutralización ácido base
2018,química,acido_base,Septiembre,Ejercicio 5 Opción B,neutralización ácido base
2017,química,acido_base,Junio,Ejercicio 6 Opción A,reacciones ácido /  base débil
2017,química,acido_base,Junio,Ejercicio 4 Opción B,cuestión teórica
2017,química,acido_base,Reserva 1,Ejercicio 5 Opción A,reacciones ácido /  base débil
2017,química,acido_base,Reserva 1,Ejercicio 3 Opción B,verdadero o falso
2017,química,acido_base,Reserva 2,Ejercicio 5 Opción A,reacciones ácido /  base débil
2017,química,acido_base,Reserva 2,Ejercicio 3 Opción B,hidrólisis de sales
2017,química,acido_base,Reserva 3,Ejercicio 5 Opción A,reacciones ácido /  base débil
2017,química,acido_base,Reserva 3,Ejercicio 3 Opción B,verdadero o falso
2017,química,acido_base,Reserva 4,Ejercicio 5 Opción B,reacciones ácido /  base débil
2017,química,acido_base,Septiembre,Ejercicio 5 Opción A,neutralización ácido base
2016,química,acido_base,Junio,Ejercicio 4 Opción A,cuestión teórica
2016,química,acido_base,Reserva 1,Ejercicio 4 Opción B,cuestión teórica
2016,química,acido_base,Reserva 2,Ejercicio 6 Opción A,reacciones ácido /  base débil
2016,química,acido_base,Reserva 2,Ejercicio 4 Opción B,cuestión teórica
2016,química,acido_base,Reserva 3,Ejercicio 5 Opción A,neutralización ácido base
2016,química,acido_base,Reserva 3,Ejercicio 4 Opción B,hidrólisis de sales
2016,química,acido_base,Septiembre,Ejercicio 6 Opción A,reacciones ácido /  base débil
2016,química,acido_base,Septiembre,Ejercicio 4 Opción B,cuestión teórica
2015,química,acido_base,Junio,Ejercicio 6 Opción A,reacciones ácido /  base débil
2015,química,acido_base,Junio,Ejercicio 4 Opción B,hidrólisis de sales
2015,química,acido_base,Reserva 1,Ejercicio 4 Opción A,neutralización ácido base
2015,química,acido_base,Reserva 2,Ejercicio 5 Opción B,neutralización ácido base
2015,química,acido_base,Reserva 3,Ejercicio 4 Opción B,verdadero o falso
2015,química,acido_base,Reserva 3,Ejercicio 5 Opción A,reacciones ácido /  base débil
2015,química,acido_base,Reserva 4,Ejercicio 4 Opción B,verdadero o falso
2015,química,acido_base,Reserva 4,Ejercicio 6 Opción A,neutralización ácido base
2015,química,acido_base,Septiembre,Ejercicio 4 Opción B,cuestión teórica
2015,química,acido_base,Septiembre,Ejercicio 5 Opción B,neutralización ácido base
2014,química,acido_base,Junio,Ejercicio 4 Opción B,verdadero o falso
2014,química,acido_base,Junio,Ejercicio 6 Opción A,neutralización ácido base
2014,química,acido_base,Reserva 1,Ejercicio 4 Opción B,cuestión teórica
2014,química,acido_base,Reserva 1,Ejercicio 5 Opción A,reacciones ácido /  base débil
2014,química,acido_base,Reserva 2,Ejercicio 4 Opción B,cuestión teórica
2014,química,acido_base,Reserva 2,Ejercicio 6 Opción A,reacciones ácido /  base débil
2014,química,acido_base,Reserva 3,Ejercicio 4 Opción A,cuestión teórica
2014,química,acido_base,Reserva 4,Ejercicio 4 Opción B,verdadero o falso
2014,química,acido_base,Septiembre,Ejercicio 5 Opción B,reacciones ácido /  base débil
2013,química,acido_base,Junio,Ejercicio 5 Opción B,neutralización ácido base
2013,química,acido_base,Reserva 1,Ejercicio 6 Opción A,reacciones ácido /  base débil
2013,química,acido_base,Reserva 1,Ejercicio 4 Opción B,hidrólisis de sales
2013,química,acido_base,Reserva 2,Ejercicio 6 Opción A,reacciones ácido /  base débil
2013,química,acido_base,Reserva 2,Ejercicio 4 Opción B,cuestión teórica
2013,química,acido_base,Reserva 3,Ejercicio 5 Opción A,neutralización ácido base
2013,química,acido_base,Reserva 3,Ejercicio 4 Opción B,cuestión teórica
2013,química,acido_base,Reserva 4,Ejercicio 4 Opción B,cuestión teórica
2013,química,acido_base,Septiembre,Ejercicio 4 Opción A,hidrólisis de sales
2012,química,acido_base,Junio,Ejercicio 6 Opción A,reacciones ácido /  base débil
2012,química,acido_base,Junio,Ejercicio 4 Opción B,hidrólisis de sales
2012,química,acido_base,Reserva 1,Ejercicio 4 Opción A,cuestión teórica
2012,química,acido_base,Reserva 2,Ejercicio 5 Opción A,neutralización ácido base
2012,química,acido_base,Reserva 2,Ejercicio 4 Opción B,cuestión teórica
2012,química,acido_base,Reserva 3,Ejercicio 6 Opción A,neutralización ácido base
2012,química,acido_base,Reserva 3,Ejercicio 4 Opción B,cuestión teórica
2012,química,acido_base,Reserva 4,Ejercicio 4 Opción B,hidrólisis de sales
2012,química,acido_base,Septiembre,Ejercicio 5 Opción B,reacciones ácido /  base débil
2011,química,acido_base,Junio,Ejercicio 5 Opción A,reacciones ácido /  base débil
2011,química,acido_base,Junio,Ejercicio 4 Opción B,hidrólisis de sales
2011,química,acido_base,Reserva 1,Ejercicio 5 Opción B,neutralización ácido base
2011,química,acido_base,Reserva 2,Ejercicio 6 Opción A,reacciones ácido /  base débil
2011,química,acido_base,Reserva 2,Ejercicio 4 Opción B,cuestión teórica
2011,química,acido_base,Reserva 3,Ejercicio 4 Opción A,cuestión teórica
2011,química,acido_base,Reserva 4,Ejercicio 6 Opción A,neutralización ácido base
2011,química,acido_base,Reserva 4,Ejercicio 4 Opción B,verdadero o falso
2011,química,acido_base,Septiembre,Ejercicio 4 Opción B,verdadero o falso
2010,química,acido_base,Junio,Ejercicio 6 Opción A,reacciones ácido /  base débil
2010,química,acido_base,Junio,Ejercicio 4 Opción B,cuestión teórica
2010,química,acido_base,Reserva 1,Ejercicio 4 Opción A,cuestión teórica
2010,química,acido_base,Reserva 2,Ejercicio 5 Opción B,reacciones ácido /  base débil
2010,química,acido_base,Reserva 3,Ejercicio 6 Opción A,neutralización ácido base
2010,química,acido_base,Reserva 3,Ejercicio 4 Opción B,neutralización ácido base
2010,química,acido_base,Reserva 4,Ejercicio 4 Opción B,cuestión teórica
2010,química,acido_base,Septiembre,Ejercicio 5 Opción A,neutralización ácido base
2010,química,acido_base,Septiembre,Ejercicio 4 Opción B,cuestión teórica
2009,química,acido_base,Junio,Ejercicio 3 Opción A,hidrólisis de sales
2009,química,acido_base,Junio,Ejercicio 5 Opción B,reacciones ácido /  base débil
2009,química,acido_base,Reserva 1,Ejercicio 5 Opción A,neutralización ácido base
2009,química,acido_base,Reserva 1,Ejercicio 4 Opción B,cuestión teórica
2009,química,acido_base,Reserva 2,Ejercicio 6 Opción A,reacciones ácido /  base débil
2009,química,acido_base,Reserva 3,Ejercicio 4 Opción A,cuestión teórica
2009,química,acido_base,Reserva 4,Ejercicio 6 Opción A,reacciones ácido /  base débil
2009,química,acido_base,Reserva 4,Ejercicio 4 Opción B,verdadero o falso
2009,química,acido_base,Septiembre,Ejercicio 6 Opción A,reacciones ácido /  base débil
2009,química,acido_base,Septiembre,Ejercicio 4 Opción B,cuestión teórica
2008,química,acido_base,Junio,Ejercicio 6 Opción A,reacciones ácido /  base débil
2008,química,acido_base,Junio,Ejercicio 4 Opción B,neutralización ácido base
2008,química,acido_base,Reserva 1,Ejercicio 4 Opción A,hidrólisis de sales
2008,química,acido_base,Reserva 2,Ejercicio 5 Opción A,neutralización ácido base
2008,química,acido_base,Reserva 2,Ejercicio 4 Opción B,verdadero o falso
2008,química,acido_base,Reserva 3,Ejercicio 6 Opción A,reacciones ácido /  base débil
2008,química,acido_base,Reserva 3,Ejercicio 4 Opción B,neutralización ácido base
2008,química,acido_base,Reserva 4,Ejercicio 6 Opción A,reacciones ácido /  base débil
2008,química,acido_base,Reserva 4,Ejercicio 4 Opción B,hidrólisis de sales
2008,química,acido_base,Septiembre,Ejercicio 3 Opción A,cuestión teórica
2008,química,acido_base,Septiembre,Ejercicio 5 Opción B,neutralización ácido base
2007,química,acido_base,Junio,Ejercicio 3 Opción A,cuestión teórica
2007,química,acido_base,Reserva 1,Ejercicio 6 Opción A,neutralización ácido base
2007,química,acido_base,Reserva 1,Ejercicio 4 Opción B,verdadero o falso
2007,química,acido_base,Reserva 2,Ejercicio 4 Opción A,hidrólisis de sales
2007,química,acido_base,Reserva 3,Ejercicio 6 Opción A,reacciones ácido /  base débil
2007,química,acido_base,Reserva 3,Ejercicio 4 Opción B,cuestión teórica
2007,química,acido_base,Reserva 4,Ejercicio 5 Opción A,reacciones ácido /  base débil
2007,química,acido_base,Reserva 4,Ejercicio 4 Opción B,hidrólisis de sales
2007,química,acido_base,Septiembre,Ejercicio 6 Opción A,neutralización ácido base
2007,química,acido_base,Septiembre,Ejercicio 4 Opción B,cuestión teórica
2006,química,acido_base,Junio,Ejercicio 4 Opción A,hidrólisis de sales
2006,química,acido_base,Reserva 1,Ejercicio 6 Opción A,reacciones ácido /  base débil
2006,química,acido_base,Reserva 1,Ejercicio 4 Opción B,neutralización ácido base
2006,química,acido_base,Reserva 2,Ejercicio 6 Opción A,reacciones ácido /  base débil
2006,química,acido_base,Reserva 2,Ejercicio 4 Opción B,cuestión teórica
2006,química,acido_base,Reserva 3,Ejercicio 6 Opción A,neutralización ácido base
2006,química,acido_base,Reserva 3,Ejercicio 4 Opción B,hidrólisis de sales
2006,química,acido_base,Reserva 4,Ejercicio 5 Opción A,neutralización ácido base
2006,química,acido_base,Reserva 4,Ejercicio 4 Opción B,neutralización ácido base
2006,química,acido_base,Septiembre,Ejercicio 3 Opción A,neutralización ácido base
2006,química,acido_base,Septiembre,Ejercicio 5 Opción B,reacciones ácido /  base débil
2005,química,acido_base,Junio,Ejercicio 3 Opción A,neutralización ácido base
2005,química,acido_base,Junio,Ejercicio 5 Opción B,reacciones ácido /  base débil
2005,química,acido_base,Reserva 1,Ejercicio 6 Opción A,reacciones ácido /  base débil
2005,química,acido_base,Reserva 2,Ejercicio 6 Opción A,neutralización ácido base
2005,química,acido_base,Reserva 2,Ejercicio 4 Opción B,hidrólisis de sales
2005,química,acido_base,Reserva 3,Ejercicio 6 Opción A,reacciones ácido /  base débil
2005,química,acido_base,Reserva 3,Ejercicio 4 Opción B,cuestión teórica
2005,química,acido_base,Reserva 4,Ejercicio 4 Opción B,cuestión teórica
2005,química,acido_base,Septiembre,Ejercicio 5 Opción A,reacciones ácido /  base débil
2005,química,acido_base,Septiembre,Ejercicio 4 Opción B,hidrólisis de sales
2004,química,acido_base,Junio,Ejercicio 3 Opción A,cuestión teórica
2004,química,acido_base,Junio,Ejercicio 5 Opción B,neutralización ácido base
2004,química,acido_base,Reserva 1,Ejercicio 6 Opción A,reacciones ácido /  base débil
2004,química,acido_base,Reserva 1,Ejercicio 4 Opción B,cuestión teórica
2004,química,acido_base,Reserva 2,Ejercicio 4 Opción B,neutralización ácido base
2004,química,acido_base,Reserva 3,Ejercicio 6 Opción A,neutralización ácido base
2004,química,acido_base,Reserva 3,Ejercicio 4 Opción B,cuestión teórica
2004,química,acido_base,Reserva 4,Ejercicio 6 Opción A,reacciones ácido /  base débil
2004,química,acido_base,Reserva 4,Ejercicio 4 Opción B,hidrólisis de sales
2004,química,acido_base,Septiembre,Ejercicio 5 Opción A,reacciones ácido /  base débil
2004,química,acido_base,Septiembre,Ejercicio 4 Opción B,cuestión teórica
2003,química,acido_base,Junio,Ejercicio 4 Opción B,cuestión teórica
2003,química,acido_base,Reserva 1,Ejercicio 6 Opción A,reacciones ácido /  base débil
2003,química,acido_base,Reserva 1,Ejercicio 4 Opción B,cuestión teórica
2003,química,acido_base,Reserva 2,Ejercicio 4 Opción A,cuestión teórica
2003,química,acido_base,Reserva 3,Ejercicio 3 Opción A,cuestión teórica
2003,química,acido_base,Reserva 3,Ejercicio 5 Opción B,neutralización ácido base
2003,química,acido_base,Reserva 4,Ejercicio 6 Opción A,reacciones ácido /  base débil
2003,química,acido_base,Reserva 4,Ejercicio 4 Opción B,cuestión teórica
2003,química,acido_base,Septiembre,Ejercicio 5 Opción A,neutralización ácido base
2003,química,acido_base,Septiembre,Ejercicio 4 Opción B,cuestión teórica
2002,química,acido_base,Junio,Ejercicio 5 Opción A,reacciones ácido /  base débil
2002,química,acido_base,Junio,Ejercicio 4 Opción B,hidrólisis de sales
2002,química,acido_base,Reserva 1,Ejercicio 6 Opción A,reacciones ácido /  base débil
2002,química,acido_base,Reserva 1,Ejercicio 4 Opción B,neutralización ácido base
2002,química,acido_base,Reserva 2,Ejercicio 4 Opción B,neutralización ácido base
2002,química,acido_base,Reserva 3,Ejercicio 3 Opción A,cuestión teórica
2002,química,acido_base,Reserva 3,Ejercicio 5 Opción B,neutralización ácido base
2002,química,acido_base,Reserva 4,Ejercicio 4 Opción B,verdadero o falso
2002,química,acido_base,Septiembre,Ejercicio 4 Opción A,cuestión teórica
2001,química,acido_base,Junio,Ejercicio 3 Opción A,neutralización ácido base
2001,química,acido_base,Junio,Ejercicio 5 Opción B,neutralización ácido base
2001,química,acido_base,Reserva 1,Ejercicio 6 Opción A,reacciones ácido /  base débil
2001,química,acido_base,Reserva 1,Ejercicio 4 Opción B,neutralización ácido base
2001,química,acido_base,Reserva 2,Ejercicio 6 Opción A,reacciones ácido /  base débil
2001,química,acido_base,Reserva 2,Ejercicio 3 Opción B,hidrólisis de sales
2001,química,acido_base,Reserva 4,Ejercicio 5 Opción A,neutralización ácido base
2001,química,acido_base,Reserva 4,Ejercicio 3 Opción B,cuestión teórica
2001,química,acido_base,Septiembre,Ejercicio 5 Opción A,reacciones ácido /  base débil
2001,química,acido_base,Septiembre,Ejercicio 4 Opción B,verdadero o falso
2000,química,acido_base,Junio,Ejercicio 4 Opción A,cuestión teórica
2000,química,acido_base,Junio,Ejercicio 6 Opción B,reacciones ácido /  base débil
2000,química,acido_base,Reserva 1,Ejercicio 3 Opción A,hidrólisis de sales
2000,química,acido_base,Reserva 1,Ejercicio 6 Opción B,reacciones ácido /  base débil
2000,química,acido_base,Reserva 2,Ejercicio 3 Opción A,hidrólisis de sales
2000,química,acido_base,Reserva 3,Ejercicio 5 Opción A,neutralización ácido base
2000,química,acido_base,Reserva 3,Ejercicio 3 Opción B,neutralización ácido base
2000,química,acido_base,Reserva 4,Ejercicio 4 Opción A,hidrólisis de sales
2000,química,acido_base,Reserva 4,Ejercicio 5 Opción B,reacciones ácido /  base débil
2000,química,acido_base,Septiembre,Ejercicio 4 Opción A,cuestión teórica
2013,química,cantidad_qui,,,
2013,química,cantidad_quimica,Junio,Ejercicio 4 Opción A,cantidad química
2013,química,cantidad_quimica,Reserva 1,Ejercicio 2 Opción B,cantidad química
2013,química,cantidad_quimica,Reserva 2,Ejercicio 2 Opción B,cantidad química
2013,química,cantidad_quimica,Reserva 3,Ejercicio 6 Opción A,estequiometría (riqueza)
2013,química,cantidad_quimica,Reserva 3,Ejercicio 2 Opción B,cantidad química
2013,química,cantidad_quimica,Reserva 4,Ejercicio 2 Opción B,cantidad química
2013,química,cantidad_quimica,Reserva 4,Ejercicio 5 Opción B,disoluciones
2013,química,cantidad_quimica,Septiembre,Ejercicio 5 Opción A,cantidad química
2013,química,cantidad_quimica,Septiembre,Ejercicio 5 Opción B,disoluciones
2013,química,cantidad_quimica,Junio,Ejercicio 4 Opción A,cantidad química
2013,química,cantidad_quimica,Reserva 1,Ejercicio 2 Opción B,cantidad química
2013,química,cantidad_quimica,Reserva 2,Ejercicio 2 Opción B,cantidad química
2012,química,cantidad_quimica,Junio,Ejercicio 2 Opción B,cantidad química
2012,química,cantidad_quimica,Reserva 1,Ejercicio 5 Opción A,estequiometría
2012,química,cantidad_quimica,Reserva 1,Ejercicio 5 Opción B,disoluciones
2012,química,cantidad_quimica,Reserva 2,Ejercicio 2 Opción B,cantidad química
2012,química,cantidad_quimica,Reserva 2,Ejercicio 6 Opción A,estequiometría (reactivo limitante)
2012,química,cantidad_quimica,Reserva 3,Ejercicio 2 Opción B,cantidad química
2012,química,cantidad_quimica,Reserva 4,Ejercicio 2 Opción B,cantidad química
2012,química,cantidad_quimica,Reserva 4,Ejercicio 5 Opción B,disoluciones
2012,química,cantidad_quimica,Septiembre,Ejercicio 4 Opción A,cantidad química
2012,química,cantidad_quimica,Junio,Ejercicio 2 Opción B,cantidad química
2012,química,cantidad_quimica,Reserva 1,Ejercicio 5 Opción A,estequiometría
2012,química,cantidad_quimica,Reserva 1,Ejercicio 5 Opción B,disoluciones
2012,química,cantidad_quimica,Reserva 2,Ejercicio 2 Opción B,cantidad química
2012,química,cantidad_quimica,Reserva 2,Ejercicio 6 Opción A,estequiometría (reactivo limitante)
2012,química,cantidad_quimica,Reserva 3,Ejercicio 2 Opción B,cantidad química
2012,química,cantidad_quimica,Reserva 4,Ejercicio 2 Opción B,cantidad química
2012,química,cantidad_quimica,Reserva 4,Ejercicio 5 Opción B,disoluciones
2012,química,cantidad_quimica,Septiembre,Ejercicio 4 Opción A,cantidad química
2011,química,cantidad_quimica,Junio,Ejercicio 6 Opción A,estequiometría (riqueza)
2011,química,cantidad_quimica,Junio,Ejercicio 2 Opción B,cantidad química
2011,química,cantidad_quimica,Reserva 1,Ejercicio 4 Opción A,disoluciones
2011,química,cantidad_quimica,Reserva 2,Ejercicio 2 Opción B,cantidad química
2011,química,cantidad_quimica,Reserva 3,Ejercicio 5 Opción A,estequiometría (rendimiento)
2011,química,cantidad_quimica,Reserva 3,Ejercicio 5 Opción B,disoluciones
2011,química,cantidad_quimica,Reserva 4,Ejercicio 2 Opción B,cantidad química
2011,química,cantidad_quimica,Septiembre,Ejercicio 2 Opción B,cantidad química
2011,química,cantidad_quimica,Septiembre,Ejercicio 5 Opción B,disoluciones
2011,química,cantidad_quimica,Junio,Ejercicio 6 Opción A,estequiometría (riqueza)
2011,química,cantidad_quimica,Junio,Ejercicio 2 Opción B,cantidad química
2011,química,cantidad_quimica,Reserva 1,Ejercicio 4 Opción A,disoluciones
2011,química,cantidad_quimica,Reserva 2,Ejercicio 2 Opción B,cantidad química
2011,química,cantidad_quimica,Reserva 3,Ejercicio 5 Opción A,estequiometría (rendimiento)
2011,química,cantidad_quimica,Reserva 3,Ejercicio 5 Opción B,disoluciones
2011,química,cantidad_quimica,Reserva 4,Ejercicio 2 Opción B,cantidad química
2011,química,cantidad_quimica,Septiembre,Ejercicio 2 Opción B,cantidad química
2011,química,cantidad_quimica,Septiembre,Ejercicio 5 Opción B,disoluciones
2010,química,cantidad_quimica,Junio,Ejercicio 2 Opción B,cantidad química
2010,química,cantidad_quimica,Reserva 1,Ejercicio 5 Opción A,estequiometría
2010,química,cantidad_quimica,Reserva 1,Ejercicio 5 Opción B,estequiometría (riqueza)
2010,química,cantidad_quimica,Reserva 2,Ejercicio 4 Opción A,cantidad química
2010,química,cantidad_quimica,Reserva 3,Ejercicio 2 Opción B,cantidad química
2010,química,cantidad_quimica,Reserva 4,Ejercicio 2 Opción B,estequiometría (reactivo limitante)
2010,química,cantidad_quimica,Reserva 4,Ejercicio 5 Opción B,disoluciones
2010,química,cantidad_quimica,Septiembre,Ejercicio 6 Opción A,estequiometría (reactivo limitante)
2010,química,cantidad_quimica,Septiembre,Ejercicio 2 Opción B,cantidad química
2010,química,cantidad_quimica,Junio,Ejercicio 2 Opción B,cantidad química
2010,química,cantidad_quimica,Reserva 1,Ejercicio 5 Opción A,estequiometría
2010,química,cantidad_quimica,Reserva 1,Ejercicio 5 Opción B,estequiometría (riqueza)
2010,química,cantidad_quimica,Reserva 2,Ejercicio 4 Opción A,cantidad química
2010,química,cantidad_quimica,Reserva 3,Ejercicio 2 Opción B,cantidad química
2010,química,cantidad_quimica,Reserva 4,Ejercicio 2 Opción B,estequiometría (reactivo limitante)
2010,química,cantidad_quimica,Reserva 4,Ejercicio 5 Opción B,disoluciones
2010,química,cantidad_quimica,Septiembre,Ejercicio 6 Opción A,estequiometría (reactivo limitante)
2010,química,cantidad_quimica,Septiembre,Ejercicio 2 Opción B,cantidad química
2009,química,cantidad_quimica,Junio,Ejercicio 4 Opción A,cantidad química
2009,química,cantidad_quimica,Reserva 1,Ejercicio 6 Opción A,estequiometría (riqueza)
2009,química,cantidad_quimica,Reserva 1,Ejercicio 2 Opción B,cantidad química
2009,química,cantidad_quimica,Reserva 2,Ejercicio 2 Opción B,cantidad química
2009,química,cantidad_quimica,Reserva 2,Ejercicio 4 Opción B,disoluciones
2009,química,cantidad_quimica,Reserva 3,Ejercicio 5 Opcion A,estequiometría (rendimiento)
2009,química,cantidad_quimica,Reserva 3,Ejercicio 5 Opción B,disoluciones
2009,química,cantidad_quimica,Reserva 4,Ejercicio 2 Opción B,cantidad química
2009,química,cantidad_quimica,Reserva 4,Ejercicio 5 Opción B,disoluciones
2009,química,cantidad_quimica,Septiembre,Ejercicio 2 Opción B,cantidad química
2009,química,cantidad_quimica,Junio,Ejercicio 4 Opción A,cantidad química
2009,química,cantidad_quimica,Reserva 1,Ejercicio 6 Opción A,estequiometría (riqueza)
2009,química,cantidad_quimica,Reserva 1,Ejercicio 2 Opción B,cantidad química
2009,química,cantidad_quimica,Reserva 2,Ejercicio 2 Opción B,cantidad química
2009,química,cantidad_quimica,Reserva 2,Ejercicio 4 Opción B,disoluciones
2009,química,cantidad_quimica,Reserva 3,Ejercicio 5 Opcion A,estequiometría (rendimiento)
2009,química,cantidad_quimica,Reserva 3,Ejercicio 5 Opción B,disoluciones
2009,química,cantidad_quimica,Reserva 4,Ejercicio 2 Opción B,cantidad química
2009,química,cantidad_quimica,Reserva 4,Ejercicio 5 Opción B,disoluciones
2009,química,cantidad_quimica,Septiembre,Ejercicio 2 Opción B,cantidad química
2008,química,cantidad_quimica,Junio,Ejercicio 2 Opción B,cantidad química
2008,química,cantidad_quimica,Junio,Ejercicio 5 Opción B,disoluciones
2008,química,cantidad_quimica,Reserva 1,Ejercicio 5 Opción A,estequiometría (riqueza)
2008,química,cantidad_quimica,Reserva 1,Ejercicio 5 Opción B,disoluciones
2008,química,cantidad_quimica,Reserva 2,Ejercicio 6 Opción A,estequiometría (riqueza)
2008,química,cantidad_quimica,Reserva 2,Ejercicio 2 Opción B,cantidad química
2008,química,cantidad_quimica,Reserva 3,Ejercicio 2 Opción B,cantidad química
2008,química,cantidad_quimica,Reserva 4,Ejercicio 2 Opción B,cantidad química
2008,química,cantidad_quimica,Septiembre,Ejercicio 4 Opción A,cantidad química
2008,química,cantidad_quimica,Junio,Ejercicio 2 Opción B,cantidad química
2008,química,cantidad_quimica,Junio,Ejercicio 5 Opción B,disoluciones
2008,química,cantidad_quimica,Reserva 1,Ejercicio 5 Opción A,estequiometría (riqueza)
2008,química,cantidad_quimica,Reserva 1,Ejercicio 5 Opción B,disoluciones
2008,química,cantidad_quimica,Reserva 2,Ejercicio 6 Opción A,estequiometría (riqueza)
2008,química,cantidad_quimica,Reserva 2,Ejercicio 2 Opción B,cantidad química
2008,química,cantidad_quimica,Reserva 3,Ejercicio 2 Opción B,cantidad química
2008,química,cantidad_quimica,Reserva 4,Ejercicio 2 Opción B,cantidad química
2008,química,cantidad_quimica,Septiembre,Ejercicio 4 Opción A,cantidad química
2007,química,cantidad_quimica,Junio,Ejercicio 4 Opción A,cantidad química
2007,química,cantidad_quimica,Junio,Ejercicio 5 Opción B,disoluciones
2007,química,cantidad_quimica,Reserva 1,Ejercicio 2 Opción B,cantidad química
2007,química,cantidad_quimica,Reserva 2,Ejercicio 5 Opción A,estequiometría (reactivo limitante)
2007,química,cantidad_quimica,Reserva 2,Ejercicio 5 Opción B,disoluciones
2007,química,cantidad_quimica,Reserva 3,Ejercicio 2 Opción B,cantidad química
2007,química,cantidad_quimica,Reserva 3,Ejercicio 5 Opción B,disoluciones
2007,química,cantidad_quimica,Reserva 4,Ejercicio 6 Opción A,estequiometría (reactivo limitante)
2007,química,cantidad_quimica,Reserva 4,Ejercicio 2 Opción B,cantidad química
2007,química,cantidad_quimica,Septiembre,Ejercicio 2 Opción B,cantidad química
2007,química,cantidad_quimica,Junio,Ejercicio 4 Opción A,cantidad química
2007,química,cantidad_quimica,Junio,Ejercicio 5 Opción B,disoluciones
2007,química,cantidad_quimica,Reserva 1,Ejercicio 2 Opción B,cantidad química
2007,química,cantidad_quimica,Reserva 2,Ejercicio 5 Opción A,estequiometría (reactivo limitante)
2007,química,cantidad_quimica,Reserva 2,Ejercicio 5 Opción B,disoluciones
2007,química,cantidad_quimica,Reserva 3,Ejercicio 2 Opción B,cantidad química
2007,química,cantidad_quimica,Reserva 3,Ejercicio 5 Opción B,disoluciones
2007,química,cantidad_quimica,Reserva 4,Ejercicio 6 Opción A,estequiometría (reactivo limitante)
2007,química,cantidad_quimica,Reserva 4,Ejercicio 2 Opción B,cantidad química
2007,química,cantidad_quimica,Septiembre,Ejercicio 2 Opción B,cantidad química
2006,química,cantidad_quimica,Junio,Ejercicio 5 Opción A,estequiometría (riqueza)
2006,química,cantidad_quimica,Junio,Ejercicio 5 Opción B,disoluciones
2006,química,cantidad_quimica,Reserva 1,Ejercicio 2 Opción B,cantidad química
2006,química,cantidad_quimica,Reserva 1,Ejercicio 5 Opción B,disoluciones
2006,química,cantidad_quimica,Reserva 2,Ejercicio 2 Opción B,cantidad química
2006,química,cantidad_quimica,Reserva 3,Ejercicio 2 Opción B,cantidad química
2006,química,cantidad_quimica,Reserva 4,Ejercicio 2 Opción B,cantidad química
2006,química,cantidad_quimica,Reserva 4,Ejercicio 4 Opción A,cantidad química
2006,química,cantidad_quimica,Reserva 4,Ejercicio 6 Opcion A,estequiometría (riqueza)
2006,química,cantidad_quimica,Septiembre,Ejercicio 4 Opción A,cantidad química
2006,química,cantidad_quimica,Junio,Ejercicio 5 Opción A,estequiometría (riqueza)
2006,química,cantidad_quimica,Junio,Ejercicio 5 Opción B,disoluciones
2006,química,cantidad_quimica,Reserva 1,Ejercicio 2 Opción B,cantidad química
2006,química,cantidad_quimica,Reserva 1,Ejercicio 5 Opción B,disoluciones
2006,química,cantidad_quimica,Reserva 2,Ejercicio 2 Opción B,cantidad química
2006,química,cantidad_quimica,Reserva 3,Ejercicio 2 Opción B,cantidad química
2006,química,cantidad_quimica,Reserva 4,Ejercicio 2 Opción B,cantidad química
2006,química,cantidad_quimica,Reserva 4,Ejercicio 4 Opción A,cantidad química
2006,química,cantidad_quimica,Reserva 4,Ejercicio 6 Opcion A,estequiometría (riqueza)
2006,química,cantidad_quimica,Septiembre,Ejercicio 4 Opción A,cantidad química
2005,química,cantidad_quimica,Junio,Ejercicio 4 Opción A,cantidad química
2005,química,cantidad_quimica,Reserva 1,Ejercicio 2 Opción B,cantidad química
2005,química,cantidad_quimica,Reserva 1,Ejercicio 4 Opción B,disoluciones
2005,química,cantidad_quimica,Reserva 2,Ejercicio 2 Opción B,cantidad química
2005,química,cantidad_quimica,Reserva 3,Ejercicio 2 Opción B,cantidad química
2005,química,cantidad_quimica,Reserva 3,Ejercicio 5 Opción B,disoluciones
2005,química,cantidad_quimica,Reserva 4,Ejercicio 5 Opcion A,disoluciones
2005,química,cantidad_quimica,Reserva 4,Ejercicio 5 Opción B,estequiometría (riqueza)
2005,química,cantidad_quimica,Septiembre,Ejercicio 6 Opcióon A,estequiometría (reactivo limitante)
2005,química,cantidad_quimica,Septiembre,Ejercicio 2 Opción B,cantidad química
2005,química,cantidad_quimica,Junio,Ejercicio 4 Opción A,cantidad química
2005,química,cantidad_quimica,Reserva 1,Ejercicio 2 Opción B,cantidad química
2005,química,cantidad_quimica,Reserva 1,Ejercicio 4 Opción B,disoluciones
2005,química,cantidad_quimica,Reserva 2,Ejercicio 2 Opción B,cantidad química
2005,química,cantidad_quimica,Reserva 3,Ejercicio 2 Opción B,cantidad química
2005,química,cantidad_quimica,Reserva 3,Ejercicio 5 Opción B,disoluciones
2005,química,cantidad_quimica,Reserva 4,Ejercicio 5 Opcion A,disoluciones
2005,química,cantidad_quimica,Reserva 4,Ejercicio 5 Opción B,estequiometría (riqueza)
2005,química,cantidad_quimica,Septiembre,Ejercicio 6 Opcióon A,estequiometría (reactivo limitante)
2005,química,cantidad_quimica,Septiembre,Ejercicio 2 Opción B,cantidad química
2004,química,cantidad_quimica,Junio,Ejercicio 4 Opción A,cantidad química
2004,química,cantidad_quimica,Reserva 1,Ejercicio 2 Opción B,cantidad química
2004,química,cantidad_quimica,Reserva 2,Ejercicio 5 Opcion A,disoluciones
2004,química,cantidad_quimica,Reserva 2,Ejercicio 5 Opción B,estequiometría (riqueza)
2004,química,cantidad_quimica,Reserva 3,Ejercicio 2 Opción B,cantidad química
2004,química,cantidad_quimica,Reserva 3,Ejercicio 5 Opción B,disoluciones
2004,química,cantidad_quimica,Reserva 4,Ejercicio 2 Opción B,cantidad química
2004,química,cantidad_quimica,Septiembre,Ejercicio 6 Opcióon A,estequiometría (riqueza)
2004,química,cantidad_quimica,Septiembre,Ejercicio 2 Opción B,cantidad química
2004,química,cantidad_quimica,Junio,Ejercicio 4 Opción A,cantidad química
2004,química,cantidad_quimica,Reserva 1,Ejercicio 2 Opción B,cantidad química
2004,química,cantidad_quimica,Reserva 2,Ejercicio 5 Opcion A,disoluciones
2004,química,cantidad_quimica,Reserva 2,Ejercicio 5 Opción B,estequiometría (riqueza)
2004,química,cantidad_quimica,Reserva 3,Ejercicio 2 Opción B,cantidad química
2004,química,cantidad_quimica,Reserva 3,Ejercicio 5 Opción B,disoluciones
2004,química,cantidad_quimica,Reserva 4,Ejercicio 2 Opción B,cantidad química
2004,química,cantidad_quimica,Septiembre,Ejercicio 6 Opcióon A,estequiometría (riqueza)
2004,química,cantidad_quimica,Septiembre,Ejercicio 2 Opción B,cantidad química
2003,química,cantidad_quimica,Junio,Ejercicio 2 Opción B,cantidad química
2003,química,cantidad_quimica,Junio,Ejercicio 5 Opción A,disoluciones
2003,química,cantidad_quimica,Reserva 1,Ejercicio 2 Opción B,cantidad química
2003,química,cantidad_quimica,Reserva 2,Ejercicio 5 Opción A,estequiometría (riqueza)
2003,química,cantidad_quimica,Reserva 2,Ejercicio 5 Opción B,disoluciones
2003,química,cantidad_quimica,Reserva 3,Ejercicio 4 Opcion A,cantidad química
2003,química,cantidad_quimica,Reserva 4,Ejercicio 2 Opción B,cantidad química
2003,química,cantidad_quimica,Septiembre,Ejercicio 6 Opción A,estequiometría (riqueza)
2003,química,cantidad_quimica,Septiembre,Ejercicio 2 Opción B,cantidad química
2003,química,cantidad_quimica,Junio,Ejercicio 2 Opción B,cantidad química
2003,química,cantidad_quimica,Junio,Ejercicio 5 Opción A,disoluciones
2003,química,cantidad_quimica,Reserva 1,Ejercicio 2 Opción B,cantidad química
2003,química,cantidad_quimica,Reserva 2,Ejercicio 5 Opción A,estequiometría (riqueza)
2003,química,cantidad_quimica,Reserva 2,Ejercicio 5 Opción B,disoluciones
2003,química,cantidad_quimica,Reserva 3,Ejercicio 4 Opcion A,cantidad química
2003,química,cantidad_quimica,Reserva 4,Ejercicio 2 Opción B,cantidad química
2003,química,cantidad_quimica,Septiembre,Ejercicio 6 Opción A,estequiometría (riqueza)
2003,química,cantidad_quimica,Septiembre,Ejercicio 2 Opción B,cantidad química
2002,química,cantidad_quimica,Junio,Ejercicio 2 Opción B,cantidad química
2002,química,cantidad_quimica,Junio,Ejercicio 6 Opción A,estequiometría
2002,química,cantidad_quimica,Reserva 1,Ejercicio 2 Opción B,cantidad química
2002,química,cantidad_quimica,Reserva 1,Ejercicio 4 Opción B,disoluciones
2002,química,cantidad_quimica,Reserva 2,Ejercicio 2 Opción B,cantidad química
2002,química,cantidad_quimica,Reserva 2,Ejercicio 6 Opcióon A,disoluciones
2002,química,cantidad_quimica,Reserva 3,Ejercicio 4 Opción A,cantidad química
2002,química,cantidad_quimica,Reserva 4,Ejercicio 2 Opción B,cantidad química
2002,química,cantidad_quimica,Reserva 4,Ejercicio 5 Opción A,disoluciones
2002,química,cantidad_quimica,Septiembre,Ejercicio 5 Opción A,estequiometría (riqueza)
2002,química,cantidad_quimica,Septiembre,Ejercicio 5 Opción B,disoluciones
2002,química,cantidad_quimica,Junio,Ejercicio 2 Opción B,cantidad química
2002,química,cantidad_quimica,Junio,Ejercicio 6 Opción A,estequiometría
2002,química,cantidad_quimica,Reserva 1,Ejercicio 2 Opción B,cantidad química
2002,química,cantidad_quimica,Reserva 1,Ejercicio 4 Opción B,disoluciones
2002,química,cantidad_quimica,Reserva 2,Ejercicio 2 Opción B,cantidad química
2002,química,cantidad_quimica,Reserva 2,Ejercicio 6 Opcióon A,disoluciones
2002,química,cantidad_quimica,Reserva 3,Ejercicio 4 Opción A,cantidad química
2002,química,cantidad_quimica,Reserva 4,Ejercicio 2 Opción B,cantidad química
2002,química,cantidad_quimica,Reserva 4,Ejercicio 5 Opción A,disoluciones
2002,química,cantidad_quimica,Septiembre,Ejercicio 5 Opción A,estequiometría (riqueza)
2002,química,cantidad_quimica,Septiembre,Ejercicio 5 Opción B,disoluciones
2001,química,cantidad_quimica,Junio,Ejercicio 6 Opción A,estequiometría
2001,química,cantidad_quimica,Reserva 3,Ejercicio 4 Opcióon A,disoluciones
2001,química,cantidad_quimica,Reserva 3,Ejercicio 5 Opción B,disoluciones
2001,química,cantidad_quimica,Junio,Ejercicio 6 Opción A,estequiometría
2001,química,cantidad_quimica,Reserva 3,Ejercicio 4 Opcióon A,disoluciones
2001,química,cantidad_quimica,Reserva 3,Ejercicio 5 Opción B,disoluciones
2000,química,cantidad_quimica,Junio,Ejercicio 2 Opcion A,cantidad química
2000,química,cantidad_quimica,Junio,Ejercicio 5 Opcióon A,estequiometría (rendimiento)
2000,química,cantidad_quimica,Reserva 1,Ejercicio 2 Opcion A,cantidad química
2000,química,cantidad_quimica,Reserva 1,Ejercicio 6 Opcion A,disoluciones
2000,química,cantidad_quimica,Reserva 2,Ejercicio 4 Opción A,cantidad química
2000,química,cantidad_quimica,Reserva 2,Ejercicio 5 Opción B,disoluciones
2000,química,cantidad_quimica,Reserva 3,Ejercicio 4 Opción B,cantidad química
2000,química,cantidad_quimica,Reserva 3,Ejercicio 6 Opción B,estequiometría (riqueza)
2000,química,cantidad_quimica,Reserva 4,Ejercicio 2 Opción A,cantidad química
2000,química,cantidad_quimica,Septiembre,Ejercicio 5 Opción A,estequiometría (riqueza)
2000,química,cantidad_quimica,Septiembre,Ejercicio 5 Opción B,disoluciones
2000,química,cantidad_quimica,Junio,Ejercicio 2 Opcion A,cantidad química
2000,química,cantidad_quimica,Junio,Ejercicio 5 Opcióon A,estequiometría (rendimiento)
2000,química,cantidad_quimica,Reserva 1,Ejercicio 2 Opcion A,cantidad química
2000,química,cantidad_quimica,Reserva 1,Ejercicio 6 Opcion A,disoluciones
2000,química,cantidad_quimica,Reserva 2,Ejercicio 4 Opción A,cantidad química
2000,química,cantidad_quimica,Reserva 2,Ejercicio 5 Opción B,disoluciones
2000,química,cantidad_quimica,Reserva 3,Ejercicio 4 Opción B,cantidad química
2000,química,cantidad_quimica,Reserva 3,Ejercicio 6 Opción B,estequiometría (riqueza)
2000,química,cantidad_quimica,Reserva 4,Ejercicio 2 Opción A,cantidad química
2000,química,cantidad_quimica,Septiembre,Ejercicio 5 Opción A,estequiometría (riqueza)
2000,química,cantidad_quimica,Septiembre,Ejercicio 5 Opción B,disoluciones
2024,química,cinetica,Reserva 1,Ejercicio B2,cálculo de unidades de la constante de velocidad
2023,química,cinetica,Reserva 1,Ejercicio B6,cálculo del valor de la constante cinética o la velocidad de reacción
2023,química,cinetica,Reserva 2,Ejercicio B6,verdadero o falso
2022,química,cinetica,Junio,Ejercicio B2,cálculo de unidades de la constante de velocidad
2022,química,cinetica,Reserva 4,B6,cálculo del valor de la constante cinética o la velocidad de reacción
2021,química,cinetica,Reserva 1,Ejercicio B6,verdadero o falso
2021,química,cinetica,Reserva 4,Ejercicio B2,cálculo del valor de la constante cinética o la velocidad de reacción
2020,química,cinetica,Reserva 4,Ejercicio B2,verdadero o falso
2020,química,cinetica,Septiembre,B6,cálculo del valor de la constante cinética o la velocidad de reacción
2019,química,cinetica,Reserva 1,Ejercicio 4 Opción B,verdadero o falso
2019,química,cinetica,Reserva 3,Ejercicio 3 Opción A,cálculo del valor de la constante cinética o la velocidad de reacción
2018,química,cinetica,Reserva 2,Ejercicio 4 Opción B,verdadero o falso
2018,química,cinetica,Reserva 4,Ejercicio 3 Opción A,cálculo del valor de la constante cinética o la velocidad de reacción
2017,química,cinetica,Reserva 3,Ejercicio 3 Opción A,verdadero o falso
2017,química,cinetica,Septiembre,Ejercicio 4 Opción B,cálculo de unidades de la constante de velocidad
2015,química,cinetica,Junio,Ejercicio 4 Opción A,verdadero o falso
2015,química,cinetica,Reserva 2,Ejercicio 3 Opción B,factores que afectan a la velocidad
2014,química,cinetica,Septiembre,Ejercicio 3 Opción B,verdadero o falso
2013,química,cinetica,Junio,Ejercicio 3 Opción B,cálculo del valor de la constante cinética o la velocidad de reacción
2012,química,cinetica,Septiembre,Ejercicio 3 Opción B,
2011,química,cinetica,Reserva 1,Ejercicio 3 Opción B,factores que afectan a la velocidad
2010,química,cinetica,Reserva 2,Ejercicio 3 Opción B,cálculo de unidades de la constante de velocidad
2009,química,cinetica,Junio,Ejercicio 3 Opción B,cálculo de unidades de la constante de velocidad
2008,química,cinetica,Septiembre,Ejercicio 3 Opción B,cálculo de unidades de la constante de velocidad
2007,química,cinetica,Junio,Ejercicio 3 Opción B,verdadero o falso
2006,química,cinetica,Septiembre,Ejercicio 3 Opción B,cálculo de unidades de la constante de velocidad
2005,química,cinetica,Junio,Ejercicio 3 Opción B,verdadero o falso
2004,química,cinetica,Junio,Ejercicio 3 Opción B,factores que afectan a la velocidad
2003,química,cinetica,Reserva 3,Ejercicio 3 Opción B,
2002,química,cinetica,Reserva 3,Ejercicio 3 Opción B,verdadero o falso
2001,química,cinetica,Junio,Ejercicio 3 Opción B,
2001,química,cinetica,Reserva 3,Ejercicio 3 Opción B,
2000,química,cinetica,Reserva 1,Ejercicio 4 Opción B,
2000,química,cinetica,Reserva 2,Ejercicio 3 Opción B,verdadero o falso
2025,,conf_electronica,Julio,Ejercicio 1A,verdadero o falso
2025,,conf_electronica,Julio,Ejercicio 1B,posición(periodo y grupo)
2025,,conf_electronica,Junio,Ejercicio 1A,posición(periodo y grupo)
2025,,conf_electronica,Reserva 1,Ejercicio 1A,posición(periodo y grupo)
2025,,conf_electronica,Reserva 2,Ejercicio 1A,números cuánticos
2024,,conf_electronica,Julio,Ejercicio B1,ion estable
2024,,conf_electronica,Julio,Ejercicio B4,propiedades periódicas
2024,,conf_electronica,Junio,Ejercicio B1,verdadero o falso
2024,,conf_electronica,Junio,Ejercicio B4,posición(periodo y grupo)
2024,,conf_electronica,Reserva 1,Ejercicio B1,números cuánticos
2024,,conf_electronica,Reserva 2,Ejercicio B2,isoelectrónicos
2024,,conf_electronica,Reserva 3,Ejercicio B1,electrón diferenciador
2024,,conf_electronica,Reserva 3,Ejercicio B2,verdadero o falso
2024,,conf_electronica,Reserva 4,Ejercicio B1,electrón diferenciador
2024,,conf_electronica,Reserva 4,Ejercicio B2,verdadero o falso
2023,,conf_electronica,Julio,Ejercicio B1,posición(periodo y grupo)
2023,,conf_electronica,Julio,Ejercicio B4,verdadero o falso
2023,,conf_electronica,Junio,Ejercicio B1,números cuánticos
2023,,conf_electronica,Junio,Ejercicio B2,verdadero o falso
2022,,conf_electronica,Julio,Ejercicio B1,electrón diferenciador
2022,,conf_electronica,Julio,Ejercicio B2,verdadero o falso
2022,,conf_electronica,Junio,Ejercicio B1,electrón diferenciador
2022,,conf_electronica,Reserva 1,Ejercicio B1,ion estable
2022,,conf_electronica,Reserva 1,Ejercicio B2,electrones desapareados
2022,,conf_electronica,Reserva 2,Ejercicio B1,verdadero o falso
2022,,conf_electronica,Reserva 2,Ejercicio B4,posición(periodo y grupo)
2022,,conf_electronica,Reserva 3,Ejercicio B1,números cuánticos
2022,,conf_electronica,Reserva 3,Ejercicio B4,posición(periodo y grupo)
2022,,conf_electronica,Reserva 4,Ejercicio B1,verdadero o falso
2022,,conf_electronica,Reserva 4,Ejercicio B2,propiedades periódicas
2021,,conf_electronica,Julio,Ejercicio B1,electrones desapareados
2021,,conf_electronica,Julio,Ejercicio B4,verdadero o falso
2021,,conf_electronica,Junio,Ejercicio B1,composición atómica
2021,,conf_electronica,Junio,Ejercicio B4,verdadero o falso
2021,,conf_electronica,Reserva 1,Ejercicio B1,verdadero o falso
2021,,conf_electronica,Reserva 1,Ejercicio B2,propiedades periódicas
2021,,conf_electronica,Reserva 2,Ejercicio B1,indicar qué configuraciones electrónicas son correctas o si pertenecen a un átomo en estado excitado o fundamental
2021,,conf_electronica,Reserva 2,Ejercicio B2,isoelectrónicos
2021,,conf_electronica,Reserva 3,Ejercicio B1,electrón diferenciador
2021,,conf_electronica,Reserva 3,Ejercicio B2,verdadero o falso
2021,,conf_electronica,Reserva 4,Ejercicio B1,verdadero o falso
2020,,conf_electronica,Junio,B1,números cuánticos
2020,,conf_electronica,Junio,B4,posición(periodo y grupo)
2020,,conf_electronica,Reserva 1,Ejercicio B1,posición(periodo y grupo)
2020,,conf_electronica,Reserva 1,Ejercicio B2,verdadero o falso
2020,,conf_electronica,Reserva 2,Ejercicio B1,especies isoelectrónicas (Na+ y Ne)
2020,,conf_electronica,Reserva 2,Ejercicio B2,verdadero o falso
2020,,conf_electronica,Reserva 3,Ejercicio B1,ion estable
2020,,conf_electronica,Reserva 3,Ejercicio B4,propiedades periódicas
2020,,conf_electronica,Reserva 4,Ejercicio B1,propiedades periódicas
2020,,conf_electronica,Septiembre,B1,ion estable
2020,,conf_electronica,Septiembre,B2,posición(periodo y grupo)
2019,,conf_electronica,Junio,Ejercicio 2 Opción A,números cuánticos
2019,,conf_electronica,Reserva 1,Ejercicio 2 Opcion A,propiedades periódicas
2019,,conf_electronica,Reserva 1,Ejercicio 2 Opción B,ion estable
2019,,conf_electronica,Reserva 2,Ejercicio 2 Opcion A,verdadero o falso
2019,,conf_electronica,Reserva 2,Ejercicio 2 Opción B,verdadero o falso
2019,,conf_electronica,Reserva 3,Ejercicio 2 Opción B,electrón diferenciador
2019,,conf_electronica,Reserva 4,Ejercicio 2 Opción A,propiedades periódicas
2019,,conf_electronica,Reserva 4,Ejercicio 2 Opción B,electrón diferenciador
2019,,conf_electronica,Septiembre,Ejercicio 2 Opcion A,isoelectrónicos
2018,,conf_electronica,Junio,Ejercicio 2 Opción A,propiedades periódicas
2018,,conf_electronica,Junio,Ejercicio 2 Opción B,verdadero o falso
2018,,conf_electronica,Reserva 1,Ejercicio 2 Opcion A,energía de orbitales
2018,,conf_electronica,Reserva 2,Ejercicio 2 Opción A,verdadero o falso
2018,,conf_electronica,Reserva 2,Ejercicio 2 Opción B,indicar qué configuraciones electrónicas son correctas o si pertenecen a un átomo en estado excitado o fundamental
2018,,conf_electronica,Reserva 3,Ejercicio 2 Opción A,números cuánticos
2018,,conf_electronica,Reserva 4,Ejercicio 2 Opción B,energía de orbitales
2018,,conf_electronica,Septiembre,Ejercicio 2 Opción A,propiedades periódicas
2018,,conf_electronica,Septiembre,Ejercicio 2 Opción B,electrón diferenciador
2017,,conf_electronica,Junio,Ejercicio 2 Opción A,propiedades periódicas
2017,,conf_electronica,Junio,Ejercicio 2 Opción B,electrón diferenciador
2017,,conf_electronica,Reserva 1,Ejercicio 2 Opción A,números cuánticos
2017,,conf_electronica,Reserva 2,Ejercicio 2 Opción A,posición(periodo y grupo)
2017,,conf_electronica,Reserva 3,Ejercicio 2 Opción B,electrón diferenciador
2017,,conf_electronica,Reserva 4,Ejercicio 2 Opcion A,verdadero o falso
2017,,conf_electronica,Reserva 4,Ejercicio 2 Opción B,verdadero o falso
2017,,conf_electronica,Septiembre,Ejercicio 2 Opcion A,especies isoelectrónicas (Na+ y Ne)
2017,,conf_electronica,Septiembre,Ejercicio 2 Opción B,verdadero o falso
2016,,conf_electronica,Junio,Ejercicio 2 Opción B,números cuánticos
2016,,conf_electronica,Reserva 1,Ejercicio 2 Opcion A,verdadero o falso
2016,,conf_electronica,Reserva 2,Ejercicio 3 Opción B,electrones desapareados
2016,,conf_electronica,Reserva 3,Ejercicio 2 Opcion A,propiedades periódicas
2016,,conf_electronica,Septiembre,Ejercicio 2 Opcion A,ion estable
2015,,conf_electronica,Junio,Ejercicio 3 Opción B,electrones desapareados
2015,,conf_electronica,Reserva 1,Ejercicio 2 Opción B,posición(periodo y grupo)
2015,,conf_electronica,Reserva 2,Ejercicio 2 Opción A,verdadero o falso
2015,,conf_electronica,Reserva 3,Ejercicio 2 Opción A,especies isoelectrónicas (Na+ y Ne)
2015,,conf_electronica,Reserva 4,Ejercicio 2 Opcion A,ion estable
2015,,conf_electronica,Septiembre,Ejercicio 2 Opción A,números cuánticos
2014,,conf_electronica,Junio,Ejercicio 2 Opcion A,posición(periodo y grupo)
2014,,conf_electronica,Reserva 1,Ejercicio 2 Opcióon A,verdadero o falso
2014,,conf_electronica,Reserva 2,Ejercicio 3 Opción B,electrón diferenciador
2014,,conf_electronica,Reserva 3,Ejercicio 2 Opción B,ion estable
2014,,conf_electronica,Reserva 4,Ejercicio 2 Opción A,verdadero o falso
2014,,conf_electronica,Septiembre,Ejercicio 2 Opción A,posición(periodo y grupo)
2013,,conf_electronica,Junio,Ejercicio 2 Opcion A,propiedades periódicas
2013,,conf_electronica,Reserva 1,Ejercicio 3 Opción B,ion estable
2013,,conf_electronica,Reserva 2,Ejercicio 2 Opcion A,ion estable
2013,,conf_electronica,Reserva 3,Ejercicio 2 Opcion A,propiedades periódicas
2013,,conf_electronica,Reserva 4,Ejercicio 2 Opcion A,electrones desapareados
2013,,conf_electronica,Septiembre,Ejercicio 2 Opción B,posición(periodo y grupo)
2012,,conf_electronica,Junio,Ejercicio 3 Opción B,verdadero o falso
2012,,conf_electronica,Reserva 1,Ejercicio 2 Opción B,posición(periodo y grupo)
2012,,conf_electronica,Reserva 2,Ejercicio 2 Opción A,propiedades periódicas
2012,,conf_electronica,Reserva 3,Ejercicio 2 Opcion A,composición atómica
2012,,conf_electronica,Reserva 4,Ejercicio 2 Opcióon A,posición(periodo y grupo)
2012,,conf_electronica,Septiembre,Ejercicio 2 Opción A,posición(periodo y grupo)
2011,,conf_electronica,Junio,Ejercicio 2 Opción A,energías de ionización de cationes
2011,,conf_electronica,Reserva 1,Ejercicio 2 Opcion A,posición(periodo y grupo)
2011,,conf_electronica,Reserva 2,Ejercicio 3 Opción B,electrones desapareados
2011,,conf_electronica,Reserva 3,Ejercicio 2 Opción B,indicar qué configuraciones electrónicas son correctas o si pertenecen a un átomo en estado excitado o fundamental
2011,,conf_electronica,Reserva 4,Ejercicio 2 Opcion A,propiedades periódicas
2011,,conf_electronica,Septiembre,Ejercicio 2 Opcióon A,ion estable
2010,,conf_electronica,Junio,Ejercicio 3 Opción B,isoelectrónicos
2010,,conf_electronica,Reserva 1,Ejercicio 2 Opción B,ion estable
2010,,conf_electronica,Reserva 2,Ejercicio 2 Opción A,isoelectrónicos
2010,,conf_electronica,Reserva 3,Ejercicio 2 Opción A,números cuánticos
2010,,conf_electronica,Reserva 4,Ejercicio 2 Opcióon A,ion estable
2010,,conf_electronica,Septiembre,Ejercicio 2 Opción A,energías de ionización de cationes
2009,,conf_electronica,Junio,Ejercicio 2 Opción A,energías de ionización de cationes
2009,,conf_electronica,Reserva 1,Ejercicio 2 Opción A,ion estable
2009,,conf_electronica,Reserva 2,Ejercicio 3 Opción B,composición atómica
2009,,conf_electronica,Reserva 3,Ejercicio 2 Opción B,verdadero o falso
2009,,conf_electronica,Reserva 4,Ejercicio 2 Opcion A,isoelectrónicos
2009,,conf_electronica,Septiembre,Ejercicio 2 Opción A,números cuánticos
2008,,conf_electronica,Junio,Ejercicio 2 Opción A,isoelectrónicos
2008,,conf_electronica,Reserva 1,Ejercicio 2 Opcion B,composición atómica
2008,,conf_electronica,Reserva 2,Ejercicio 2 Opción A,verdadero o falso
2008,,conf_electronica,Reserva 3,Ejercicio 3 Opción B,posición(periodo y grupo)
2008,,conf_electronica,Reserva 4,Ejercicio 2 Opcion A,verdadero o falso
2008,,conf_electronica,Septiembre,Ejercicio 2 Opción A,propiedades periódicas
2007,,conf_electronica,Junio,Ejercicio 2 Opción A,propiedades periódicas
2007,,conf_electronica,Reserva 1,Ejercicio 2 Opcion A,números cuánticos
2007,,conf_electronica,Reserva 2,Ejercicio 2 Opción B,verdadero o falso
2007,,conf_electronica,Reserva 3,Ejercicio 2 Opcion A,posición(periodo y grupo)
2007,,conf_electronica,Reserva 4,Ejercicio 2 Opcion A,composición atómica
2007,,conf_electronica,Septiembre,Ejercicio 3 Opción B,posición(periodo y grupo)
2006,,conf_electronica,Junio,Ejercicio 2 Opción B,indicar qué configuraciones electrónicas son correctas o si pertenecen a un átomo en estado excitado o fundamental
2006,,conf_electronica,Reserva 1,Ejercicio 2 Opcion A,posición(periodo y grupo)
2006,,conf_electronica,Reserva 2,Ejercicio 3 Opción B,propiedades periódicas
2006,,conf_electronica,Reserva 3,Ejercicio 2 Opción A,especies isoelectrónicas (Na+ y Ne)
2006,,conf_electronica,Reserva 4,Ejercicio 2 Opción A,especies isoelectrónicas (Na+ y Ne)
2006,,conf_electronica,Septiembre,Ejercicio 2 Opcion A,electrones desapareados
2005,,conf_electronica,Junio,Ejercicio 2 Opción A,posición(periodo y grupo)
2005,,conf_electronica,Reserva 1,Ejercicio 3 Opción B,especies isoelectrónicas (Na+ y Ne)
2005,,conf_electronica,Reserva 2,Ejercicio 2 Opcióon A,números cuánticos
2005,,conf_electronica,Reserva 3,Ejercicio 2 Opcion A,electrones desapareados
2005,,conf_electronica,Reserva 4,Ejercicio 2 Opcion A,energía de orbitales
2005,,conf_electronica,Septiembre,Ejercicio 2 Opción A,posición(periodo y grupo)
2004,,conf_electronica,Junio,Ejercicio 2 Opcióon A,indicar qué configuraciones electrónicas son correctas o si pertenecen a un átomo en estado excitado o fundamental
2004,,conf_electronica,Reserva 1,Ejercicio 2 Opcion A,electrones desapareados
2004,,conf_electronica,Reserva 2,Ejercicio 2 Opción A,números cuánticos
2004,,conf_electronica,Reserva 3,Ejercicio 2 Opción A,especies isoelectrónicas (Na+ y Ne)
2004,,conf_electronica,Reserva 4,Ejercicio 3 Opción B,propiedades periódicas
2004,,conf_electronica,Septiembre,Ejercicio 2 Opcion A,propiedades periódicas
2003,,conf_electronica,Junio,Ejercicio 2 Opción A,números cuánticos
2003,,conf_electronica,Reserva 1,Ejercicio 2 Opción A,números cuánticos
2003,,conf_electronica,Reserva 2,Ejercicio 2 Opción B,posición(periodo y grupo)
2003,,conf_electronica,Reserva 3,Ejercicio 2 Opcion A,propiedades periódicas
2003,,conf_electronica,Reserva 4,Ejercicio 3 Opción B,ion estable
2003,,conf_electronica,Septiembre,Ejercicio 2 Opción A,posición(periodo y grupo)
2002,,conf_electronica,Junio,Ejercicio 2 Opción A,propiedades periódicas
2002,,conf_electronica,Reserva 1,Ejercicio 2 Opción A,especies isoelectrónicas (Na+ y Ne)
2002,,conf_electronica,Reserva 2,Ejercicio 3 Opción B,propiedades periódicas
2002,,conf_electronica,Reserva 3,Ejercicio 2 Opcion A,propiedades periódicas
2002,,conf_electronica,Reserva 4,Ejercicio 2 Opción A,ion estable
2002,,conf_electronica,Septiembre,Ejercicio 2 Opción B,indicar qué configuraciones electrónicas son correctas o si pertenecen a un átomo en estado excitado o fundamental
2001,,conf_electronica,Junio,Ejercicio 2 Opcion A,posición(periodo y grupo)
2001,,conf_electronica,Reserva 1,Ejercicio 2 Opción A,isoelectrónicos
2001,,conf_electronica,Reserva 2,Ejercicio 2 Opción B,ion estable
2001,,conf_electronica,Reserva 3,Ejercicio 2 Opción B,posición(periodo y grupo)
2001,,conf_electronica,Reserva 4,Ejercicio 2 Opcion A,números cuánticos
2001,,conf_electronica,Septiembre,Ejercicio 2 Opción A,propiedades periódicas
2000,,conf_electronica,Junio,Ejercicio 2 Opción B,números cuánticos
2000,,conf_electronica,Reserva 1,Ejercicio 4 Opcion A,especies isoelectrónicas (Na+ y Ne)
2000,,conf_electronica,Reserva 2,Ejercicio 2 Opcion A,posición(periodo y grupo)
2000,,conf_electronica,Reserva 3,Ejercicio 2 Opción A,propiedades periódicas
2000,,conf_electronica,Reserva 4,Ejercicio 2 Opción B,ion estable
2000,,conf_electronica,Septiembre,Ejercicio 2 Opción B,propiedades periódicas
2025,química,enlace_quimico,Junio,Ejercicio 1B,par de electrones sin compartir
2025,química,enlace_quimico,Reserva 1,Ejercicio 1B,propiedades del tipo de enlace
2025,química,enlace_quimico,Reserva 2,Ejercicio 1B,puentes de hidrógeno
2024,química,enlace_quimico,Julio,Ejercicio B3,polaridad
2024,química,enlace_quimico,Junio,Ejercicio B3,tipo de enlace
2024,química,enlace_quimico,Reserva 1,Ejercicio B3,verdadero o falso
2024,química,enlace_quimico,Reserva 2,Ejercicio B3,estructuras de Lewis
2024,química,enlace_quimico,Reserva 3,Ejercicio B3,hibridación
2024,química,enlace_quimico,Reserva 4,Ejercicio B3,tipo de enlace
2023,química,enlace_quimico,Julio,Ejercicio B3,comparación pto. fusión / ebullición
2023,química,enlace_quimico,Junio,Ejercicio B3,geometría
2023,química,enlace_quimico,Reserva 1,Ejercicio B3,ecuación de Born-Landé
2023,química,enlace_quimico,Reserva 2,Ejercicio B3,tipo de enlace
2023,química,enlace_quimico,Reserva 3,Ejercicio B3,verdadero o falso
2023,química,enlace_quimico,Reserva 4,Ejercicio B3,propiedades del tipo de enlace
2022,química,enlace_quimico,Julio,Ejercicio B3,estructuras de Lewis
2022,química,enlace_quimico,Junio,Ejercicio B3,comparación pto. fusión / ebullición
2022,química,enlace_quimico,Reserva 1,Ejercicio B3,ecuación de Born-Landé
2022,química,enlace_quimico,Reserva 2,Ejercicio B3,ecuación de Born-Landé
2022,química,enlace_quimico,Reserva 3,Ejercicio B3,verdadero o falso
2022,química,enlace_quimico,Reserva 4,Ejercicio B3,estructuras de Lewis
2021,química,enlace_quimico,Julio,Ejercicio B3,verdadero o falso
2021,química,enlace_quimico,Junio,Ejercicio B3,par de electrones sin compartir
2021,química,enlace_quimico,Reserva 1,Ejercicio B3,geometría
2021,química,enlace_quimico,Reserva 2,Ejercicio B3,ciclo de Born-Haber
2021,química,enlace_quimico,Reserva 3,Ejercicio B3,puentes de hidrógeno
2021,química,enlace_quimico,Reserva 4,Ejercicio B3,fuerzas intermoleculares
2020,química,enlace_quimico,Junio,B3,geometría
2020,química,enlace_quimico,Reserva 1,Ejercicio B3,comparación pto. fusión / ebullición
2020,química,enlace_quimico,Reserva 2,Ejercicio B3,hibridación
2020,química,enlace_quimico,Reserva 3,Ejercicio B3,propiedades del tipo de enlace
2020,química,enlace_quimico,Reserva 4,Ejercicio B3,estructuras de Lewis
2020,química,enlace_quimico,Septiembre,B3,verdadero o falso
2019,química,enlace_quimico,Junio,Ejercicio 2 Opción B,tipo de enlace
2019,química,enlace_quimico,Reserva 1,Ejercicio 3 Opción B,verdadero o falso
2019,química,enlace_quimico,Reserva 2,Ejercicio 3 Opción A,hibridación
2019,química,enlace_quimico,Reserva 3,Ejercicio 2 Opción A,verdadero o falso
2019,química,enlace_quimico,Reserva 4,Ejercicio 3 Opción B,estructuras de Lewis
2019,química,enlace_quimico,Septiembre,Ejercicio 2 Opción B,puentes de hidrógeno
2018,química,enlace_quimico,Junio,Ejercicio 3 Opción B,geometría
2018,química,enlace_quimico,Reserva 1,Ejercicio 2 Opción B,hibridación
2018,química,enlace_quimico,Reserva 2,Ejercicio 3 Opción B,tipo de enlace
2018,química,enlace_quimico,Reserva 3,Ejercicio 2 Opción B,propiedades del tipo de enlace
2018,química,enlace_quimico,Reserva 4,Ejercicio 2 Opción A,geometría
2018,química,enlace_quimico,Septiembre,Ejercicio 3 Opción A,propiedades del tipo de enlace
2017,química,enlace_quimico,Junio,Ejercicio 3 Opción B,estructuras de Lewis
2017,química,enlace_quimico,Reserva 1,Ejercicio 2 Opción B,polaridad
2017,química,enlace_quimico,Reserva 2,Ejercicio 2 Opción B,verdadero o falso
2017,química,enlace_quimico,Reserva 3,Ejercicio 2 Opción A,puentes de hidrógeno
2017,química,enlace_quimico,Reserva 4,Ejercicio 3 Opcion A,propiedades del tipo de enlace
2017,química,enlace_quimico,Septiembre,Ejercicio 3 Opción B,propiedades del tipo de enlace
2016,química,enlace_quimico,Junio,Ejercicio 2 Opción A,comparación pto. fusión / ebullición
2016,química,enlace_quimico,Reserva 1,Ejercicio 3 Opción B,tipo de enlace
2016,química,enlace_quimico,Reserva 2,Ejercicio 2 Opción A,puentes de hidrógeno
2016,química,enlace_quimico,Septiembre,Ejercicio 3 Opción B,estructuras de Lewis
2015,química,enlace_quimico,Junio,Ejercicio 2 Opción A,ecuación de Born-Landé
2015,química,enlace_quimico,Reserva 1,Ejercicio 2 Opción A,estructuras de Lewis
2015,química,enlace_quimico,Reserva 2,Ejercicio 2 Opción B,tipo de enlace
2015,química,enlace_quimico,Reserva 4,Ejercicio 3 Opción B,propiedades del tipo de enlace
2015,química,enlace_quimico,Septiembre,Ejercicio 3 Opción B,verdadero o falso
2014,química,enlace_quimico,Junio,Ejercicio 3 Opción B,geometría
2014,química,enlace_quimico,Reserva 2,Ejercicio 2 Opcióon A,verdadero o falso
2014,química,enlace_quimico,Reserva 3,Ejercicio 2 Opcióon A,verdadero o falso
2014,química,enlace_quimico,Reserva 4,Ejercicio 3 Opción B,puentes de hidrógeno
2014,química,enlace_quimico,Septiembre,Ejercicio 2 Opción B,verdadero o falso
2013,química,enlace_quimico,Junio,Ejercicio 2 Opción B,propiedades del tipo de enlace
2013,química,enlace_quimico,Reserva 1,Ejercicio 2 Opción A,par de electrones sin compartir
2013,química,enlace_quimico,Reserva 1,Ejercicio 6 Opción B,ciclo de Born-Haber
2013,química,enlace_quimico,Reserva 2,Ejercicio 3 Opción B,geometría
2013,química,enlace_quimico,Reserva 4,Ejercicio 3 Opción B,ecuación de Born-Landé
2013,química,enlace_quimico,Septiembre,Ejercicio 2 Opcion A,polaridad
2012,química,enlace_quimico,Junio,Ejercicio 2 Opcion A,comparación pto. fusión / ebullición
2012,química,enlace_quimico,Reserva 1,Ejercicio 2 Opcion A,par de electrones sin compartir
2012,química,enlace_quimico,Reserva 3,Ejercicio 3 Opción B,par de electrones sin compartir
2012,química,enlace_quimico,Reserva 4,Ejercicio 3 Opción B,estructuras de Lewis
2012,química,enlace_quimico,Septiembre,Ejercicio 2 Opción B,estructuras de Lewis
2011,química,enlace_quimico,Reserva 1,Ejercicio 2 Opción B,puentes de hidrógeno
2011,química,enlace_quimico,Reserva 2,Ejercicio 2 Opción A,tipo de enlace
2011,química,enlace_quimico,Reserva 3,Ejercicio 2 Opción A,estructuras de Lewis
2011,química,enlace_quimico,Reserva 4,Ejercicio 3 Opción B,estructuras de Lewis
2011,química,enlace_quimico,Septiembre,Ejercicio 3 Opción B,estructuras de Lewis
2010,química,enlace_quimico,Junio,Ejercicio 2 Opción A,ciclo de Born-Haber
2010,química,enlace_quimico,Reserva 1,Ejercicio 2 Opción A,estructuras de Lewis
2010,química,enlace_quimico,Reserva 2,Ejercicio 2 Opción B,propiedades del tipo de enlace
2010,química,enlace_quimico,Reserva 3,Ejercicio 3 Opción B,geometría
2010,química,enlace_quimico,Reserva 4,Ejercicio 3 Opción B,propiedades del tipo de enlace
2009,química,enlace_quimico,Junio,Ejercicio 2 Opción B,estructuras de Lewis
2009,química,enlace_quimico,Reserva 2,Ejercicio 2 Opción A,estructuras de Lewis
2009,química,enlace_quimico,Reserva 3,Ejercicio 2 Opcion A,comparación pto. fusión / ebullición
2009,química,enlace_quimico,Reserva 4,Ejercicio 3 Opción B,geometría
2009,química,enlace_quimico,Septiembre,Ejercicio 3 Opción B,verdadero o falso
2008,química,enlace_quimico,Junio,Ejercicio 3 Opción B,estructuras de Lewis
2008,química,enlace_quimico,Reserva 1,Ejercicio 2 Opcion A,geometría
2008,química,enlace_quimico,Reserva 3,Ejercicio 2 Opción A,tipo de enlace
2008,química,enlace_quimico,Reserva 4,Ejercicio 3 Opción B,geometría
2008,química,enlace_quimico,Septiembre,Ejercicio 2 Opción B,verdadero o falso
2007,química,enlace_quimico,Junio,Ejercicio 2 Opción B,geometría
2007,química,enlace_quimico,Reserva 1,Ejercicio 3 Opción B,geometría
2007,química,enlace_quimico,Reserva 2,Ejercicio 2 Opcion A,propiedades del tipo de enlace
2007,química,enlace_quimico,Reserva 3,Ejercicio 3 Opción B,estructuras de Lewis
2007,química,enlace_quimico,Septiembre,Ejercicio 2 Opcion A,puentes de hidrógeno
2006,química,enlace_quimico,Junio,Ejercicio 2 Opción A,geometría
2006,química,enlace_quimico,Reserva 1,Ejercicio 3 Opción B,ciclo de Born-Haber
2006,química,enlace_quimico,Reserva 2,Ejercicio 2 Opción A,par de electrones sin compartir
2006,química,enlace_quimico,Reserva 3,Ejercicio 3 Opción B,ecuación de Born-Landé
2006,química,enlace_quimico,Septiembre,Ejercicio 2 Opción B,geometría
2005,química,enlace_quimico,Junio,Ejercicio 2 Opción B,polaridad
2005,química,enlace_quimico,Reserva 1,Ejercicio 2 Opción A,ecuación de Born-Landé
2005,química,enlace_quimico,Reserva 3,Ejercicio 3 Opción B,estructuras de Lewis
2005,química,enlace_quimico,Reserva 4,Ejercicio 2 Opción B,comparación pto. fusión / ebullición
2004,química,enlace_quimico,Junio,Ejercicio 2 Opción B,geometría
2004,química,enlace_quimico,Reserva 1,Ejercicio 3 Opción B,geometría
2004,química,enlace_quimico,Reserva 2,Ejercicio 2 Opción B,propiedades del tipo de enlace
2004,química,enlace_quimico,Reserva 3,Ejercicio 3 Opción B,estructuras de Lewis
2004,química,enlace_quimico,Reserva 4,Ejercicio 2 Opcion A,ciclo de Born-Haber
2003,química,enlace_quimico,Junio,Ejercicio 3 Opción B,puentes de hidrógeno
2003,química,enlace_quimico,Reserva 1,Ejercicio 3 Opción B,estructuras de Lewis
2003,química,enlace_quimico,Reserva 2,Ejercicio 2 Opcion A,verdadero o falso
2003,química,enlace_quimico,Reserva 3,Ejercicio 2 Opción B,par de electrones sin compartir
2003,química,enlace_quimico,Reserva 4,Ejercicio 2 Opción A,estructuras de Lewis
2002,química,enlace_quimico,Reserva 1,Ejercicio 5 Opción A,ciclo de Born-Haber
2002,química,enlace_quimico,Reserva 1,Ejercicio 3 Opción B,estructuras de Lewis
2002,química,enlace_quimico,Reserva 2,Ejercicio 2 Opcion A,propiedades del tipo de enlace
2002,química,enlace_quimico,Reserva 3,Ejercicio 2 Opción B,estructuras de Lewis
2002,química,enlace_quimico,Reserva 4,Ejercicio 3 Opción B,geometría
2002,química,enlace_quimico,Septiembre,Ejercicio 2 Opción A,solubilidad
2001,química,enlace_quimico,Junio,Ejercicio 2 Opción B,comparación pto. fusión / ebullición
2001,química,enlace_quimico,Reserva 1,Ejercicio 3 Opción B,polaridad
2001,química,enlace_quimico,Reserva 2,Ejercicio 2 Opcion A,estructuras de Lewis
2001,química,enlace_quimico,Reserva 4,Ejercicio 2 Opción B,propiedades del tipo de enlace
2001,química,enlace_quimico,Septiembre,Ejercicio 2 Opción B,geometría
2000,química,enlace_quimico,Junio,Ejercicio 3 Opción A,estructuras de Lewis
2000,química,enlace_quimico,Junio,Ejercicio 5 Opción B,ciclo de Born-Haber
2000,química,enlace_quimico,Reserva 1,Ejercicio 2 Opción B,hibridación
2000,química,enlace_quimico,Reserva 2,Ejercicio 2 Opción B,tipo de enlace
2000,química,enlace_quimico,Reserva 3,Ejercicio 2 Opción B,estructuras de Lewis
2000,química,enlace_quimico,Septiembre,Ejercicio 2 Opcion A,ecuación de Born-Landé
2024,química,equilibrio_quimico,Julio,Ejercicio B2,principio de LeChatelier
2024,química,equilibrio_quimico,Julio,Ejercicio C1,grado de disociación (dato)
2024,química,equilibrio_quimico,Junio,Ejercicio B2,principio de LeChatelier
2024,química,equilibrio_quimico,Junio,Ejercicio C1,grado de disociación (pregunta)
2024,química,equilibrio_quimico,Reserva 1,Ejercicio C1,equilibrio heterogéneo (cálculos)
2024,química,equilibrio_quimico,Reserva 2,Ejercicio C1,ecuación de 2do grado
2023,química,equilibrio_quimico,Julio,Ejercicio B2,verdadero o falso
2023,química,equilibrio_quimico,Julio,Ejercicio C1,equilibrio heterogéneo (cálculos)
2023,química,equilibrio_quimico,Junio,Ejercicio C1,grado de disociación (dato)
2023,química,equilibrio_quimico,Reserva 1,Ejercicio C1,equilibrio heterogéneo (cálculos)
2023,química,equilibrio_quimico,Reserva 2,Ejercicio C1,presiones parciales
2023,química,equilibrio_quimico,Reserva 3,Ejercicio C1,grado de disociación (dato)
2023,química,equilibrio_quimico,Reserva 4,Ejercicio B2,principio de LeChatelier
2023,química,equilibrio_quimico,Reserva 4,Ejercicio C1,ejercicios donde la solución de x es negativa
2022,química,equilibrio_quimico,Julio,Ejercicio C1,grado de disociación (dato)
2022,química,equilibrio_quimico,Junio,Ejercicio C1,equilibrio heterogéneo (cálculos)
2022,química,equilibrio_quimico,Reserva 1,Ejercicio C1,grado de disociación (pregunta)
2022,química,equilibrio_quimico,Reserva 2,Ejercicio B2,principio de LeChatelier
2022,química,equilibrio_quimico,Reserva 2,Ejercicio C1,cálculo de las constantes Kc y Kp
2022,química,equilibrio_quimico,Reserva 3,Ejercicio B2,principio de LeChatelier
2022,química,equilibrio_quimico,Reserva 3,Ejercicio C1,cálculo de las constantes Kc y Kp
2022,química,equilibrio_quimico,Reserva 4,Ejercicio C1,equilibrio heterogéneo (cálculos)
2021,química,equilibrio_quimico,Julio,Ejercicio B2,principio de LeChatelier
2021,química,equilibrio_quimico,Julio,Ejercicio C1,grado de disociación (dato)
2021,química,equilibrio_quimico,Junio,Ejercicio B2,verdadero o falso
2021,química,equilibrio_quimico,Junio,Ejercicio C1,grado de disociación (dato)
2021,química,equilibrio_quimico,Reserva 1,Ejercicio C1,equilibrio heterogéneo (cálculos)
2021,química,equilibrio_quimico,Reserva 2,Ejercicio C1,equilibrio heterogéneo (cálculos)
2021,química,equilibrio_quimico,Reserva 3,Ejercicio C1,grado de disociación (dato)
2021,química,equilibrio_quimico,Reserva 4,Ejercicio C1,presiones parciales
2020,química,equilibrio_quimico,Junio,B2,verdadero o falso
2020,química,equilibrio_quimico,Junio,C1,ecuación de 2do grado
2020,química,equilibrio_quimico,Reserva 1,Ejercicio C1,equilibrio heterogéneo
2020,química,equilibrio_quimico,Reserva 2,Ejercicio C1,presiones parciales
2020,química,equilibrio_quimico,Reserva 3,Ejercicio B2,verdadero o falso
2020,química,equilibrio_quimico,Reserva 3,Ejercicio C1,cálculo de las constantes Kc y Kp
2020,química,equilibrio_quimico,Reserva 4,Ejercicio C1,equilibrio heterogéneo (cálculos)
2020,química,equilibrio_quimico,Septiembre,C1,presiones parciales
2019,química,equilibrio_quimico,Junio,Ejercicio 3 Opción A,principio de LeChatelier
2019,química,equilibrio_quimico,Junio,Ejercicio 5 Opción B,cálculo de las constantes Kc y Kp
2019,química,equilibrio_quimico,Reserva 1,Ejercicio 5 Opción B,cálculo de las constantes Kc y Kp
2019,química,equilibrio_quimico,Reserva 2,Ejercicio 5 Opción A,equilibrio heterogéneo (cálculos)
2019,química,equilibrio_quimico,Reserva 3,Ejercicio 5 Opción B,cálculo de las constantes Kc y Kp
2019,química,equilibrio_quimico,Reserva 4,Ejercicio 5 Opción A,equilibrio heterogéneo (cálculos)
2019,química,equilibrio_quimico,Septiembre,Ejercicio 3 Opcion A,principio de LeChatelier
2019,química,equilibrio_quimico,Septiembre,Ejercicio 5 Opción B,cálculo de las constantes Kc y Kp
2018,química,equilibrio_quimico,Junio,Ejercicio 5 Opción A,cálculo de las constantes Kc y Kp
2018,química,equilibrio_quimico,Reserva 1,Ejercicio 3 Opción A,verdadero o falso
2018,química,equilibrio_quimico,Reserva 1,Ejercicio 5 Opción B,ejercicios donde la solución de x es negativa
2018,química,equilibrio_quimico,Reserva 2,Ejercicio 5 Opción B,equilibrio heterogéneo (cálculos)
2018,química,equilibrio_quimico,Reserva 3,Ejercicio 3 Opcion A,principio de LeChatelier
2018,química,equilibrio_quimico,Reserva 3,Ejercicio 5 Opción B,grado de disociación (pregunta)
2018,química,equilibrio_quimico,Reserva 4,Ejercicio 5 Opción B,equilibrio heterogéneo (cálculos)
2018,química,equilibrio_quimico,Septiembre,Ejercicio 5 Opción A,ecuación de 2do grado
2017,química,equilibrio_quimico,Junio,Ejercicio 5 Opción A,ecuación de 2do grado
2017,química,equilibrio_quimico,Reserva 1,Ejercicio 3 Opcion A,principio de LeChatelier
2017,química,equilibrio_quimico,Reserva 1,Ejercicio 5 Opción B,cálculo de las constantes Kc y Kp
2017,química,equilibrio_quimico,Reserva 2,Ejercicio 3 Opción A,verdadero o falso
2017,química,equilibrio_quimico,Reserva 2,Ejercicio 5 Opción B,tabla en función de alfa
2017,química,equilibrio_quimico,Reserva 3,Ejercicio 5 Opción B,grado de disociación (dato)
2017,química,equilibrio_quimico,Reserva 4,Ejercicio 5 Opción A,ejercicios donde la solución de x es negativa
2017,química,equilibrio_quimico,Septiembre,Ejercicio 5 Opción B,equilibrio heterogéneo (cálculos)
2016,química,equilibrio_quimico,Junio,Ejercicio 6 Opción A,cálculo de las constantes Kc y Kp
2016,química,equilibrio_quimico,Reserva 2,Ejercicio 5 Opción B,presiones parciales
2016,química,equilibrio_quimico,Reserva 3,Ejercicio 3 Opción A,principio de LeChatelier
2016,química,equilibrio_quimico,Reserva 3,Ejercicio 6 Opción B,presiones parciales
2016,química,equilibrio_quimico,Septiembre,Ejercicio 3 Opcion A,verdadero o falso
2015,química,equilibrio_quimico,Junio,Ejercicio 5 Opción B,equilibrio heterogéneo (cálculos)
2015,química,equilibrio_quimico,Reserva 1,Ejercicio 6 Opción A,grado de disociación (dato)
2015,química,equilibrio_quimico,Reserva 2,Ejercicio 6 Opción B,cálculo de las constantes Kc y Kp
2015,química,equilibrio_quimico,Reserva 3,Ejercicio 3 Opcion A,verdadero o falso
2015,química,equilibrio_quimico,Reserva 3,Ejercicio 6 Opción B,presiones parciales
2015,química,equilibrio_quimico,Reserva 4,Ejercicio 3 Opcion A,principio de LeChatelier
2014,química,equilibrio_quimico,Junio,Ejercicio 3 Opción A,principio de LeChatelier
2014,química,equilibrio_quimico,Reserva 1,Ejercicio 3 Opción A,principio de LeChatelier
2014,química,equilibrio_quimico,Reserva 1,Ejercicio 6 Opción B,cálculo de las constantes Kc y Kp
2014,química,equilibrio_quimico,Reserva 2,Ejercicio 5 Opción B,grado de disociación (pregunta)
2014,química,equilibrio_quimico,Reserva 3,Ejercicio 6 Opción A,equilibrio heterogéneo (cálculos)
2014,química,equilibrio_quimico,Septiembre,Ejercicio 6 Opción B,equilibrio heterogéneo (cálculos)
2013,química,equilibrio_quimico,Junio,Ejercicio 6 Opción B,ecuación de 2do grado
2013,química,equilibrio_quimico,Reserva 1,Ejercicio 5 Opción B,cálculo de las constantes Kc y Kp
2013,química,equilibrio_quimico,Reserva 2,Ejercicio 3 Opcion A,principio de LeChatelier
2013,química,equilibrio_quimico,Reserva 3,Ejercicio 3 Opción A,verdadero o falso
2013,química,equilibrio_quimico,Reserva 3,Ejercicio 6 Opción B,ejercicios donde la solución de x es negativa
2013,química,equilibrio_quimico,Septiembre,Ejercicio 6 Opción A,grado de disociación (dato)
2012,química,equilibrio_quimico,Junio,Ejercicio 5 Opción B,grado de disociación (pregunta)
2012,química,equilibrio_quimico,Reserva 1,Ejercicio 6 Opción A,grado de disociación (dato)
2012,química,equilibrio_quimico,Reserva 2,Ejercicio 3 Opción A,principio de LeChatelier
2012,química,equilibrio_quimico,Reserva 2,Ejercicio 6 Opción B,equilibrio heterogéneo (cálculos)
2012,química,equilibrio_quimico,Reserva 3,Ejercicio 3 Opción A,principio de LeChatelier
2012,química,equilibrio_quimico,Septiembre,Ejercicio 6 Opción B,ecuación de 2do grado
2011,química,equilibrio_quimico,Junio,Ejercicio 3 Opción A,principio de LeChatelier
2011,química,equilibrio_quimico,Junio,Ejercicio 6 Opción B,cálculo de las constantes Kc y Kp
2011,química,equilibrio_quimico,Reserva 1,Ejercicio 6 Opción B,ecuación de 2do grado
2011,química,equilibrio_quimico,Reserva 2,Ejercicio 5 Opción B,ejercicios donde la solución de x es negativa
2011,química,equilibrio_quimico,Reserva 3,Ejercicio 6 Opción A,equilibrio heterogéneo (cálculos)
2011,química,equilibrio_quimico,Reserva 4,Ejercicio 3 Opcion A,principio de LeChatelier
2010,química,equilibrio_quimico,Junio,Ejercicio 5 Opción B,cálculo de las constantes Kc y Kp
2010,química,equilibrio_quimico,Reserva 1,Ejercicio 6 Opción A,grado de disociación (pregunta)
2010,química,equilibrio_quimico,Reserva 2,Ejercicio 6 Opción B,equilibrio heterogéneo (cálculos)
2010,química,equilibrio_quimico,Reserva 3,Ejercicio 3 Opción A,verdadero o falso
2010,química,equilibrio_quimico,Septiembre,Ejercicio 3 Opción A,principio de LeChatelier
2010,química,equilibrio_quimico,Septiembre,Ejercicio 6 Opción B,ecuación de 2do grado
2009,química,equilibrio_quimico,Junio,Ejercicio 6 Opción B,grado de disociación (dato)
2009,química,equilibrio_quimico,Reserva 1,Ejercicio 3 Opcion A,principio de LeChatelier
2009,química,equilibrio_quimico,Reserva 1,Ejercicio 6 Opción B,grado de disociación (pregunta)
2009,química,equilibrio_quimico,Reserva 2,Ejercicio 3 Opción A,cálculo de las constantes Kc y Kp
2009,química,equilibrio_quimico,Reserva 2,Ejercicio 5 Opción B,cálculo de las constantes Kc y Kp
2009,química,equilibrio_quimico,Reserva 3,Ejercicio 6 Opción A,equilibrio heterogéneo (cálculos)
2009,química,equilibrio_quimico,Septiembre,Ejercicio 3 Opción A,principio de LeChatelier
2009,química,equilibrio_quimico,Septiembre,Ejercicio 5 Opción B,cálculo de las constantes Kc y Kp
2008,química,equilibrio_quimico,Reserva 1,Ejercicio 6 Opción A,presiones parciales
2008,química,equilibrio_quimico,Reserva 2,Ejercicio 3 Opción A,principio de LeChatelier
2008,química,equilibrio_quimico,Reserva 2,Ejercicio 6 Opción B,equilibrio heterogéneo
2008,química,equilibrio_quimico,Reserva 3,Ejercicio 3 Opción A,cálculo de las constantes Kc y Kp
2008,química,equilibrio_quimico,Reserva 3,Ejercicio 5 Opción B,ecuación de 2do grado
2008,química,equilibrio_quimico,Reserva 4,Ejercicio 3 Opcion A,principio de LeChatelier
2008,química,equilibrio_quimico,Reserva 4,Ejercicio 5 Opción B,cálculo de las constantes Kc y Kp
2008,química,equilibrio_quimico,Septiembre,Ejercicio 6 Opción B,grado de disociación (dato)
2007,química,equilibrio_quimico,Junio,Ejercicio 6 Opción B,grado de disociación (pregunta)
2007,química,equilibrio_quimico,Reserva 1,Ejercicio 3 Opcion A,principio de LeChatelier
2007,química,equilibrio_quimico,Reserva 1,Ejercicio 5 Opción B,presiones parciales
2007,química,equilibrio_quimico,Reserva 2,Ejercicio 6 Opción A,equilibrio heterogéneo
2007,química,equilibrio_quimico,Reserva 4,Ejercicio 3 Opción A,principio de LeChatelier
2007,química,equilibrio_quimico,Reserva 4,Ejercicio 6 Opción B,equilibrio heterogéneo
2007,química,equilibrio_quimico,Septiembre,Ejercicio 3 Opcion A,cálculo de las constantes Kc y Kp
2007,química,equilibrio_quimico,Septiembre,Ejercicio 5 Opción B,equilibrio heterogéneo (cálculos)
2006,química,equilibrio_quimico,Junio,Ejercicio 6 Opción A,cálculo de las constantes Kc y Kp
2006,química,equilibrio_quimico,Reserva 2,Ejercicio 3 Opción A,verdadero o falso
2006,química,equilibrio_quimico,Reserva 2,Ejercicio 5 Opción B,cálculo de las constantes Kc y Kp
2006,química,equilibrio_quimico,Reserva 3,Ejercicio 3 Opción A,principio de LeChatelier
2006,química,equilibrio_quimico,Reserva 3,Ejercicio 5 Opción B,grado de disociación (dato)
2006,química,equilibrio_quimico,Reserva 4,Ejercicio 3 Opción A,principio de LeChatelier
2006,química,equilibrio_quimico,Reserva 4,Ejercicio 6 Opción B,presiones parciales
2006,química,equilibrio_quimico,Septiembre,Ejercicio 6 Opción B,cálculo de las constantes Kc y Kp
2005,química,equilibrio_quimico,Junio,Ejercicio 6 Opción B,ecuación de 2do grado
2005,química,equilibrio_quimico,Reserva 1,Ejercicio 3 Opción A,verdadero o falso
2005,química,equilibrio_quimico,Reserva 1,Ejercicio 5 Opción B,grado de disociación (pregunta)
2005,química,equilibrio_quimico,Reserva 2,Ejercicio 3 Opción A,verdadero o falso
2005,química,equilibrio_quimico,Reserva 2,Ejercicio 5 Opción B,equilibrio heterogéneo (cálculos)
2005,química,equilibrio_quimico,Reserva 4,Ejercicio 6 Opción B,tabla en función de alfa
2005,química,equilibrio_quimico,Septiembre,Ejercicio 3 Opción A,principio de LeChatelier
2005,química,equilibrio_quimico,Septiembre,Ejercicio 6 Opción B,grado de disociación (dato)
2004,química,equilibrio_quimico,Junio,Ejercicio 6 Opción B,cálculo de las constantes Kc y Kp
2004,química,equilibrio_quimico,Reserva 1,Ejercicio 3 Opción A,verdadero o falso
2004,química,equilibrio_quimico,Reserva 1,Ejercicio 5 Opción B,cálculo de las constantes Kc y Kp
2004,química,equilibrio_quimico,Reserva 2,Ejercicio 6 Opción B,equilibrio heterogéneo (cálculos)
2004,química,equilibrio_quimico,Reserva 4,Ejercicio 3 Opcion A,principio de LeChatelier
2004,química,equilibrio_quimico,Reserva 4,Ejercicio 5 Opción B,cálculo de las constantes Kc y Kp
2004,química,equilibrio_quimico,Septiembre,Ejercicio 3 Opción A,principio de LeChatelier
2004,química,equilibrio_quimico,Septiembre,Ejercicio 6 Opción B,grado de disociación (pregunta)
2003,química,equilibrio_quimico,Junio,Ejercicio 6 Opción A,grado de disociación (pregunta)
2003,química,equilibrio_quimico,Reserva 1,Ejercicio 3 Opcion A,
2003,química,equilibrio_quimico,Reserva 1,Ejercicio 5 Opción B,presiones parciales
2003,química,equilibrio_quimico,Reserva 2,Ejercicio 6 Opcion A,cálculo de las constantes Kc y Kp
2003,química,equilibrio_quimico,Reserva 3,Ejercicio 6 Opción B,grado de disociación (pregunta)
2003,química,equilibrio_quimico,Reserva 4,Ejercicio 3 Opcion A,principio de LeChatelier
2003,química,equilibrio_quimico,Reserva 4,Ejercicio 5 Opción B,grado de disociación (pregunta)
2003,química,equilibrio_quimico,Septiembre,Ejercicio 3 Opción A,principio de LeChatelier
2003,química,equilibrio_quimico,Septiembre,Ejercicio 6 Opción B,equilibrio heterogéneo (cálculos)
2002,química,equilibrio_quimico,Junio,Ejercicio 3 Opcióon A,verdadero o falso
2002,química,equilibrio_quimico,Junio,Ejercicio 6 Opción B,grado de disociación (dato)
2002,química,equilibrio_quimico,Reserva 1,Ejercicio 3 Opcion A,principio de LeChatelier
2002,química,equilibrio_quimico,Reserva 1,Ejercicio 5 Opción B,ecuación de 2do grado
2002,química,equilibrio_quimico,Reserva 2,Ejercicio 3 Opción A,verdadero o falso
2002,química,equilibrio_quimico,Reserva 2,Ejercicio 5 Opción B,cálculo de las constantes Kc y Kp
2002,química,equilibrio_quimico,Reserva 3,Ejercicio 6 Opción B,equilibrio heterogéneo (cálculos)
2002,química,equilibrio_quimico,Reserva 4,Ejercicio 6 Opcion A,grado de disociación (pregunta)
2002,química,equilibrio_quimico,Septiembre,Ejercicio 6 Opción A,presiones parciales
2001,química,equilibrio_quimico,Junio,Ejercicio 4 Opción A,principio de LeChatelier
2001,química,equilibrio_quimico,Junio,Ejercicio 6 Opción B,cálculo de las constantes Kc y Kp
2001,química,equilibrio_quimico,Reserva 1,Ejercicio 3 Opción A,principio de LeChatelier
2001,química,equilibrio_quimico,Reserva 1,Ejercicio 5 Opción B,grado de disociación (pregunta)
2001,química,equilibrio_quimico,Reserva 2,Ejercicio 3 Opción A,verdadero o falso
2001,química,equilibrio_quimico,Reserva 2,Ejercicio 5 Opción B,cálculo de las constantes Kc y Kp
2001,química,equilibrio_quimico,Reserva 3,Ejercicio 6 Opcion A,grado de disociación (dato)
2001,química,equilibrio_quimico,Reserva 4,Ejercicio 6 Opción A,grado de disociación (pregunta)
2001,química,equilibrio_quimico,Reserva 4,Ejercicio 4 Opción B,principio de LeChatelier
2001,química,equilibrio_quimico,Septiembre,Ejercicio 3 Opción A,verdadero o falso
2001,química,equilibrio_quimico,Septiembre,Ejercicio 6 Opción B,ecuación de 2do grado
2000,química,equilibrio_quimico,Junio,Ejercicio 3 Opción B,principio de LeChatelier
2000,química,equilibrio_quimico,Reserva 1,Ejercicio 5 Opción A,presiones parciales
2000,química,equilibrio_quimico,Reserva 1,Ejercicio 3 Opción B,principio de LeChatelier
2000,química,equilibrio_quimico,Reserva 2,Ejercicio 6 Opción B,equilibrio heterogéneo (cálculos)
2000,química,equilibrio_quimico,Reserva 3,Ejercicio 6 Opción A,grado de disociación (dato)
2000,química,equilibrio_quimico,Reserva 4,Ejercicio 6 Opción A,presiones parciales
2000,química,equilibrio_quimico,Septiembre,Ejercicio 6 Opcion A,ecuación de 2do grado
2008,química,formulacion,Junio,Ejercicio 1 Opción A,inorgánica y orgánica
2008,química,formulacion,Junio,Ejercicio 1 Opción B,inorgánica y orgánica
2008,química,formulacion,Reserva 1,Ejercicio 1 Opción A,inorgánica y orgánica
2008,química,formulacion,Reserva 1,Ejercicio 1 Opción B,inorgánica y orgánica
2008,química,formulacion,Reserva 2,Ejercicio 1 Opción A,inorgánica y orgánica
2008,química,formulacion,Reserva 2,Ejercicio 1 Opción B,inorgánica y orgánica
2008,química,formulacion,Reserva 3,Ejercicio 1 Opción A,inorgánica y orgánica
2008,química,formulacion,Reserva 3,Ejercicio 1 Opción B,inorgánica y orgánica
2008,química,formulacion,Reserva 4,Ejercicio 1 Opción A,inorgánica y orgánica
2008,química,formulacion,Reserva 4,Ejercicio 1 Opción B,inorgánica y orgánica
2008,química,formulacion,Septiembre,Ejercicio 1 Opción A,inorgánica y orgánica
2008,química,formulacion,Septiembre,Ejercicio 1 Opción B,inorgánica y orgánica
2008,química,formulacion,Junio,Ejercicio 1 Opción A,inorgánica y orgánica
2008,química,formulacion,Junio,Ejercicio 1 Opción B,inorgánica y orgánica
2008,química,formulacion,Reserva 1,Ejercicio 1 Opción A,inorgánica y orgánica
2008,química,formulacion,Reserva 1,Ejercicio 1 Opción B,inorgánica y orgánica
2007,química,formulacion,Junio,Ejercicio 1 Opción A,inorgánica y orgánica
2007,química,formulacion,Junio,Ejercicio 1 Opción B,inorgánica y orgánica
2007,química,formulacion,Reserva 1,Ejercicio 1 Opción A,inorgánica y orgánica
2007,química,formulacion,Reserva 1,Ejercicio 1 Opción B,inorgánica y orgánica
2007,química,formulacion,Reserva 2,Ejercicio 1 Opción A,inorgánica y orgánica
2007,química,formulacion,Reserva 2,Ejercicio 1 Opción B,inorgánica y orgánica
2007,química,formulacion,Reserva 3,Ejercicio 1 Opción A,inorgánica y orgánica
2007,química,formulacion,Reserva 3,Ejercicio 1 Opción B,inorgánica y orgánica
2007,química,formulacion,Reserva 4,Ejercicio 1 Opción A,inorgánica y orgánica
2007,química,formulacion,Reserva 4,Ejercicio 1 Opción B,inorgánica y orgánica
2007,química,formulacion,Septiembre,Ejercicio 1 Opción A,inorgánica y orgánica
2007,química,formulacion,Septiembre,Ejercicio 1 Opción B,inorgánica y orgánica
2007,química,formulacion,Junio,Ejercicio 1 Opción A,inorgánica y orgánica
2007,química,formulacion,Junio,Ejercicio 1 Opción B,inorgánica y orgánica
2007,química,formulacion,Reserva 1,Ejercicio 1 Opción A,inorgánica y orgánica
2007,química,formulacion,Reserva 1,Ejercicio 1 Opción B,inorgánica y orgánica
2007,química,formulacion,Reserva 2,Ejercicio 1 Opción A,inorgánica y orgánica
2007,química,formulacion,Reserva 2,Ejercicio 1 Opción B,inorgánica y orgánica
2007,química,formulacion,Reserva 3,Ejercicio 1 Opción A,inorgánica y orgánica
2007,química,formulacion,Reserva 3,Ejercicio 1 Opción B,inorgánica y orgánica
2007,química,formulacion,Reserva 4,Ejercicio 1 Opción A,inorgánica y orgánica
2007,química,formulacion,Reserva 4,Ejercicio 1 Opción B,inorgánica y orgánica
2007,química,formulacion,Septiembre,Ejercicio 1 Opción A,inorgánica y orgánica
2007,química,formulacion,Septiembre,Ejercicio 1 Opción B,inorgánica y orgánica
2006,química,formulacion,Junio,Ejercicio 1 Opción A,inorgánica y orgánica
2006,química,formulacion,Junio,Ejercicio 1 Opción B,inorgánica y orgánica
2006,química,formulacion,Reserva 1,Ejercicio 1 Opción A,inorgánica y orgánica
2006,química,formulacion,Reserva 1,Ejercicio 1 Opción B,inorgánica y orgánica
2006,química,formulacion,Reserva 2,Ejercicio 1 Opción A,inorgánica y orgánica
2006,química,formulacion,Reserva 2,Ejercicio 1 Opción B,inorgánica y orgánica
2006,química,formulacion,Reserva 3,Ejercicio 1 Opción A,inorgánica y orgánica
2006,química,formulacion,Reserva 3,Ejercicio 1 Opción B,inorgánica y orgánica
2006,química,formulacion,Reserva 4,Ejercicio 1 Opción A,inorgánica y orgánica
2006,química,formulacion,Reserva 4,Ejercicio 1 Opción B,inorgánica y orgánica
2006,química,formulacion,Septiembre,Ejercicio 1 Opción A,inorgánica y orgánica
2006,química,formulacion,Septiembre,Ejercicio 1 Opción B,inorgánica y orgánica
2006,química,formulacion,Junio,Ejercicio 1 Opción A,inorgánica y orgánica
2006,química,formulacion,Junio,Ejercicio 1 Opción B,inorgánica y orgánica
2006,química,formulacion,Reserva 1,Ejercicio 1 Opción A,inorgánica y orgánica
2006,química,formulacion,Reserva 1,Ejercicio 1 Opción B,inorgánica y orgánica
2006,química,formulacion,Reserva 2,Ejercicio 1 Opción A,inorgánica y orgánica
2006,química,formulacion,Reserva 2,Ejercicio 1 Opción B,inorgánica y orgánica
2006,química,formulacion,Reserva 3,Ejercicio 1 Opción A,inorgánica y orgánica
2006,química,formulacion,Reserva 3,Ejercicio 1 Opción B,inorgánica y orgánica
2006,química,formulacion,Reserva 4,Ejercicio 1 Opción A,inorgánica y orgánica
2006,química,formulacion,Reserva 4,Ejercicio 1 Opción B,inorgánica y orgánica
2006,química,formulacion,Septiembre,Ejercicio 1 Opción A,inorgánica y orgánica
2006,química,formulacion,Septiembre,Ejercicio 1 Opción B,inorgánica y orgánica
2005,química,formulacion,Junio,Ejercicio 1 Opción A,inorgánica y orgánica
2005,química,formulacion,Junio,Ejercicio 1 Opción B,inorgánica y orgánica
2005,química,formulacion,Reserva 1,Ejercicio 1 Opción A,inorgánica y orgánica
2005,química,formulacion,Reserva 1,Ejercicio 1 Opción B,inorgánica y orgánica
2005,química,formulacion,Reserva 2,Ejercicio 1 Opción A,inorgánica y orgánica
2005,química,formulacion,Reserva 2,Ejercicio 1 Opción B,inorgánica y orgánica
2005,química,formulacion,Reserva 3,Ejercicio 1 Opción A,inorgánica y orgánica
2005,química,formulacion,Reserva 3,Ejercicio 1 Opción B,inorgánica y orgánica
2005,química,formulacion,Reserva 4,Ejercicio 1 Opción A,inorgánica y orgánica
2005,química,formulacion,Reserva 4,Ejercicio 1 Opción B,inorgánica y orgánica
2005,química,formulacion,Septiembre,Ejercicio 1 Opción A,inorgánica y orgánica
2005,química,formulacion,Septiembre,Ejercicio 1 Opción B,inorgánica y orgánica
2005,química,formulacion,Junio,Ejercicio 1 Opción A,inorgánica y orgánica
2005,química,formulacion,Junio,Ejercicio 1 Opción B,inorgánica y orgánica
2005,química,formulacion,Reserva 1,Ejercicio 1 Opción A,inorgánica y orgánica
2005,química,formulacion,Reserva 1,Ejercicio 1 Opción B,inorgánica y orgánica
2005,química,formulacion,Reserva 2,Ejercicio 1 Opción A,inorgánica y orgánica
2005,química,formulacion,Reserva 2,Ejercicio 1 Opción B,inorgánica y orgánica
2005,química,formulacion,Reserva 3,Ejercicio 1 Opción A,inorgánica y orgánica
2005,química,formulacion,Reserva 3,Ejercicio 1 Opción B,inorgánica y orgánica
2005,química,formulacion,Reserva 4,Ejercicio 1 Opción A,inorgánica y orgánica
2005,química,formulacion,Reserva 4,Ejercicio 1 Opción B,inorgánica y orgánica
2005,química,formulacion,Septiembre,Ejercicio 1 Opción A,inorgánica y orgánica
2005,química,formulacion,Septiembre,Ejercicio 1 Opción B,inorgánica y orgánica
2004,química,formulacion,Junio,Ejercicio 1 Opción A,inorgánica y orgánica
2004,química,formulacion,Junio,Ejercicio 1 Opción B,inorgánica y orgánica
2004,química,formulacion,Reserva 1,Ejercicio 1 Opción A,inorgánica y orgánica
2004,química,formulacion,Reserva 1,Ejercicio 1 Opción B,inorgánica y orgánica
2004,química,formulacion,Reserva 2,Ejercicio 1 Opción A,inorgánica y orgánica
2004,química,formulacion,Reserva 2,Ejercicio 1 Opción B,inorgánica y orgánica
2004,química,formulacion,Reserva 3,Ejercicio 1 Opción A,inorgánica y orgánica
2004,química,formulacion,Reserva 3,Ejercicio 1 Opción B,inorgánica y orgánica
2004,química,formulacion,Reserva 4,Ejercicio 1 Opción A,inorgánica y orgánica
2004,química,formulacion,Reserva 4,Ejercicio 1 Opción B,inorgánica y orgánica
2004,química,formulacion,Septiembre,Ejercicio 1 Opción A,inorgánica y orgánica
2004,química,formulacion,Septiembre,Ejercicio 1 Opción B,inorgánica y orgánica
2004,química,formulacion,Junio,Ejercicio 1 Opción A,inorgánica y orgánica
2004,química,formulacion,Junio,Ejercicio 1 Opción B,inorgánica y orgánica
2004,química,formulacion,Reserva 1,Ejercicio 1 Opción A,inorgánica y orgánica
2004,química,formulacion,Reserva 1,Ejercicio 1 Opción B,inorgánica y orgánica
2004,química,formulacion,Reserva 2,Ejercicio 1 Opción A,inorgánica y orgánica
2004,química,formulacion,Reserva 2,Ejercicio 1 Opción B,inorgánica y orgánica
2004,química,formulacion,Reserva 3,Ejercicio 1 Opción A,inorgánica y orgánica
2004,química,formulacion,Reserva 3,Ejercicio 1 Opción B,inorgánica y orgánica
2004,química,formulacion,Reserva 4,Ejercicio 1 Opción A,inorgánica y orgánica
2004,química,formulacion,Reserva 4,Ejercicio 1 Opción B,inorgánica y orgánica
2004,química,formulacion,Septiembre,Ejercicio 1 Opción A,inorgánica y orgánica
2004,química,formulacion,Septiembre,Ejercicio 1 Opción B,inorgánica y orgánica
2003,química,formulacion,Junio,Ejercicio 1 Opción A,inorgánica y orgánica
2003,química,formulacion,Junio,Ejercicio 1 Opción B,inorgánica y orgánica
2003,química,formulacion,Reserva 1,Ejercicio 1 Opción A,inorgánica y orgánica
2003,química,formulacion,Reserva 1,Ejercicio 1 Opción B,inorgánica y orgánica
2003,química,formulacion,Reserva 2,Ejercicio 1 Opción A,inorgánica y orgánica
2003,química,formulacion,Reserva 2,Ejercicio 1 Opción B,inorgánica y orgánica
2003,química,formulacion,Reserva 3,Ejercicio 1 Opción A,inorgánica y orgánica
2003,química,formulacion,Reserva 3,Ejercicio 1 Opción B,inorgánica y orgánica
2003,química,formulacion,Reserva 4,Ejercicio 1 Opción A,inorgánica y orgánica
2003,química,formulacion,Reserva 4,Ejercicio 1 Opción B,inorgánica y orgánica
2003,química,formulacion,Septiembre,Ejercicio 1 Opción A,inorgánica y orgánica
2003,química,formulacion,Septiembre,Ejercicio 1 Opción B,inorgánica y orgánica
2003,química,formulacion,Junio,Ejercicio 1 Opción A,inorgánica y orgánica
2003,química,formulacion,Junio,Ejercicio 1 Opción B,inorgánica y orgánica
2003,química,formulacion,Reserva 1,Ejercicio 1 Opción A,inorgánica y orgánica
2003,química,formulacion,Reserva 1,Ejercicio 1 Opción B,inorgánica y orgánica
2003,química,formulacion,Reserva 2,Ejercicio 1 Opción A,inorgánica y orgánica
2003,química,formulacion,Reserva 2,Ejercicio 1 Opción B,inorgánica y orgánica
2003,química,formulacion,Reserva 3,Ejercicio 1 Opción A,inorgánica y orgánica
2003,química,formulacion,Reserva 3,Ejercicio 1 Opción B,inorgánica y orgánica
2003,química,formulacion,Reserva 4,Ejercicio 1 Opción A,inorgánica y orgánica
2003,química,formulacion,Reserva 4,Ejercicio 1 Opción B,inorgánica y orgánica
2003,química,formulacion,Septiembre,Ejercicio 1 Opción A,inorgánica y orgánica
2003,química,formulacion,Septiembre,Ejercicio 1 Opción B,inorgánica y orgánica
2002,química,formulacion,Junio,Ejercicio 1 Opción A,inorgánica y orgánica
2002,química,formulacion,Junio,Ejercicio 1 Opción B,inorgánica y orgánica
2002,química,formulacion,Reserva 1,Ejercicio 1 Opción A,inorgánica y orgánica
2002,química,formulacion,Reserva 1,Ejercicio 1 Opción B,inorgánica y orgánica
2002,química,formulacion,Reserva 2,Ejercicio 1 Opción A,inorgánica y orgánica
2002,química,formulacion,Reserva 2,Ejercicio 1 Opción B,inorgánica y orgánica
2002,química,formulacion,Reserva 3,Ejercicio 1 Opción A,inorgánica y orgánica
2002,química,formulacion,Reserva 3,Ejercicio 1 Opción B,inorgánica y orgánica
2002,química,formulacion,Reserva 4,Ejercicio 1 Opción A,inorgánica y orgánica
2002,química,formulacion,Reserva 4,Ejercicio 1 Opción B,inorgánica y orgánica
2002,química,formulacion,Septiembre,Ejercicio 1 Opción A,inorgánica y orgánica
2002,química,formulacion,Septiembre,Ejercicio 1 Opción B,inorgánica y orgánica
2002,química,formulacion,Junio,Ejercicio 1 Opción A,inorgánica y orgánica
2002,química,formulacion,Junio,Ejercicio 1 Opción B,inorgánica y orgánica
2002,química,formulacion,Reserva 1,Ejercicio 1 Opción A,inorgánica y orgánica
2002,química,formulacion,Reserva 1,Ejercicio 1 Opción B,inorgánica y orgánica
2002,química,formulacion,Reserva 2,Ejercicio 1 Opción A,inorgánica y orgánica
2002,química,formulacion,Reserva 2,Ejercicio 1 Opción B,inorgánica y orgánica
2002,química,formulacion,Reserva 3,Ejercicio 1 Opción A,inorgánica y orgánica
2002,química,formulacion,Reserva 3,Ejercicio 1 Opción B,inorgánica y orgánica
2002,química,formulacion,Reserva 4,Ejercicio 1 Opción A,inorgánica y orgánica
2002,química,formulacion,Reserva 4,Ejercicio 1 Opción B,inorgánica y orgánica
2002,química,formulacion,Septiembre,Ejercicio 1 Opción A,inorgánica y orgánica
2002,química,formulacion,Septiembre,Ejercicio 1 Opción B,inorgánica y orgánica
2001,química,formulacion,Junio,Ejercicio 1 Opción A,inorgánica y orgánica
2001,química,formulacion,Junio,Ejercicio 1 Opción B,inorgánica y orgánica
2001,química,formulacion,Reserva 1,Ejercicio 1 Opción A,inorgánica y orgánica
2001,química,formulacion,Reserva 1,Ejercicio 1 Opción B,inorgánica y orgánica
2001,química,formulacion,Reserva 2,Ejercicio 1 Opción A,inorgánica y orgánica
2001,química,formulacion,Reserva 2,Ejercicio 1 Opción B,inorgánica y orgánica
2001,química,formulacion,Reserva 3,Ejercicio 1 Opción A,inorgánica y orgánica
2001,química,formulacion,Reserva 3,Ejercicio 1 Opción B,inorgánica y orgánica
2001,química,formulacion,Reserva 4,Ejercicio 1 Opción A,inorgánica y orgánica
2001,química,formulacion,Reserva 4,Ejercicio 1 Opción B,inorgánica y orgánica
2001,química,formulacion,Septiembre,Ejercicio 1 Opción A,inorgánica y orgánica
2001,química,formulacion,Septiembre,Ejercicio 1 Opción B,inorgánica y orgánica
2001,química,formulacion,Junio,Ejercicio 1 Opción A,inorgánica y orgánica
2001,química,formulacion,Junio,Ejercicio 1 Opción B,inorgánica y orgánica
2001,química,formulacion,Reserva 1,Ejercicio 1 Opción A,inorgánica y orgánica
2001,química,formulacion,Reserva 1,Ejercicio 1 Opción B,inorgánica y orgánica
2001,química,formulacion,Reserva 2,Ejercicio 1 Opción A,inorgánica y orgánica
2001,química,formulacion,Reserva 2,Ejercicio 1 Opción B,inorgánica y orgánica
2001,química,formulacion,Reserva 3,Ejercicio 1 Opción A,inorgánica y orgánica
2001,química,formulacion,Reserva 3,Ejercicio 1 Opción B,inorgánica y orgánica
2001,química,formulacion,Reserva 4,Ejercicio 1 Opción A,inorgánica y orgánica
2001,química,formulacion,Reserva 4,Ejercicio 1 Opción B,inorgánica y orgánica
2001,química,formulacion,Septiembre,Ejercicio 1 Opción A,inorgánica y orgánica
2001,química,formulacion,Septiembre,Ejercicio 1 Opción B,inorgánica y orgánica
2000,química,formulacion,Junio,Ejercicio 1 Opción A,inorgánica y orgánica
2000,química,formulacion,Junio,Ejercicio 1 Opción B,inorgánica y orgánica
2000,química,formulacion,Reserva 1,Ejercicio 1 Opción A,inorgánica y orgánica
2000,química,formulacion,Reserva 1,Ejercicio 1 Opción B,inorgánica y orgánica
2000,química,formulacion,Reserva 2,Ejercicio 1 Opción A,inorgánica y orgánica
2000,química,formulacion,Reserva 2,Ejercicio 1 Opción B,inorgánica y orgánica
2000,química,formulacion,Reserva 3,Ejercicio 1 Opción A,inorgánica y orgánica
2000,química,formulacion,Reserva 3,Ejercicio 1 Opción B,inorgánica y orgánica
2000,química,formulacion,Reserva 4,Ejercicio 1 Opción A,inorgánica y orgánica
2000,química,formulacion,Reserva 4,Ejercicio 1 Opción B,inorgánica y orgánica
2000,química,formulacion,Septiembre,Ejercicio 1 Opción A,inorgánica y orgánica
2000,química,formulacion,Septiembre,Ejercicio 1 Opción B,inorgánica y orgánica
2000,química,formulacion,Junio,Ejercicio 1 Opción A,inorgánica y orgánica
2000,química,formulacion,Junio,Ejercicio 1 Opción B,inorgánica y orgánica
2000,química,formulacion,Reserva 1,Ejercicio 1 Opción A,inorgánica y orgánica
2000,química,formulacion,Reserva 1,Ejercicio 1 Opción B,inorgánica y orgánica
2000,química,formulacion,Reserva 2,Ejercicio 1 Opción A,inorgánica y orgánica
2000,química,formulacion,Reserva 2,Ejercicio 1 Opción B,inorgánica y orgánica
2000,química,formulacion,Reserva 3,Ejercicio 1 Opción A,inorgánica y orgánica
2000,química,formulacion,Reserva 3,Ejercicio 1 Opción B,inorgánica y orgánica
2000,química,formulacion,Reserva 4,Ejercicio 1 Opción A,inorgánica y orgánica
2000,química,formulacion,Reserva 4,Ejercicio 1 Opción B,inorgánica y orgánica
2000,química,formulacion,Septiembre,Ejercicio 1 Opción A,inorgánica y orgánica
2000,química,formulacion,Septiembre,Ejercicio 1 Opción B,inorgánica y orgánica
2025,química,reactividad_organica,Julio,Ejercicio 4B,isomería
2025,química,reactividad_organica,Junio,Ejercicio 4B,reacciones orgánicas
2025,química,reactividad_organica,Reserva 1,Ejercicio 4B,reacciones orgánicas
2025,química,reactividad_organica,Reserva 2,Ejercicio 4B,isomería
2024,química,reactividad_organica,Julio,Ejercicio B6,reacciones orgánicas
2024,química,reactividad_organica,Junio,B6,isomería
2024,química,reactividad_organica,Reserva 1,Ejercicio B4,reacciones orgánicas
2024,química,reactividad_organica,Reserva 2,Ejercicio B6,reacciones orgánicas
2024,química,reactividad_organica,Reserva 3,Ejercicio B4,isomería
2024,química,reactividad_organica,Reserva 4,Ejercicio B6,isomería
2023,química,reactividad_organica,Julio,Ejercicio B6,reacciones orgánicas
2023,química,reactividad_organica,Junio,B6,isomería
2023,química,reactividad_organica,Reserva 1,Ejercicio B4,hidrocarburos
2023,química,reactividad_organica,Reserva 2,Ejercicio B4,reacciones orgánicas
2023,química,reactividad_organica,Reserva 3,Ejercicio B6,reacciones orgánicas
2023,química,reactividad_organica,Reserva 4,Ejercicio B6,isomería
2022,química,reactividad_organica,Julio,Ejercicio B6,isomería
2022,química,reactividad_organica,Junio,B4,isomería
2022,química,reactividad_organica,Reserva 1,Ejercicio B6,isomería
2022,química,reactividad_organica,Reserva 2,Ejercicio B6,reacciones orgánicas
2022,química,reactividad_organica,Reserva 3,Ejercicio B6,reacciones orgánicas
2022,química,reactividad_organica,Reserva 4,Ejercicio B4,isomería
2021,química,reactividad_organica,Julio,Ejercicio B6,reacciones orgánicas
2021,química,reactividad_organica,Junio,Ejercicio B6,isomería
2021,química,reactividad_organica,Reserva 1,Ejercicio B4,reacciones orgánicas
2021,química,reactividad_organica,Reserva 2,Ejercicio B6,isomería
2021,química,reactividad_organica,Reserva 3,Ejercicio B6,reacciones orgánicas
2021,química,reactividad_organica,Reserva 4,Ejercicio B4,reacciones orgánicas
2020,química,reactividad_organica,Junio,B6,isomería
2020,química,reactividad_organica,Reserva 1,Ejercicio B6,reacciones orgánicas
2020,química,reactividad_organica,Reserva 2,Ejercicio B6,isomería
2020,química,reactividad_organica,Reserva 3,Ejercicio B6,isomería
2020,química,reactividad_organica,Reserva 4,Ejercicio B4,isomería
2020,química,reactividad_organica,Septiembre,B4,isomería
2019,química,reactividad_organica,Junio,Ejercicio 4 Opción A,reacciones orgánicas
2019,química,reactividad_organica,Junio,Ejercicio 4 Opción B,isomería
2019,química,reactividad_organica,Reserva 1,Ejercicio 4 Opción A,isomería
2019,química,reactividad_organica,Reserva 2,Ejercicio 4 Opción A,isomería
2019,química,reactividad_organica,Reserva 2,Ejercicio 4 Opción B,reacciones orgánicas
2019,química,reactividad_organica,Reserva 3,Ejercicio 4 Opción B,isomería
2019,química,reactividad_organica,Reserva 4,Ejercicio 4 Opción A,hidrocarburos
2019,química,reactividad_organica,Septiembre,Ejercicio 4 Opcion A,reacciones orgánicas
2019,química,reactividad_organica,Septiembre,Ejercicio 4 Opción B,isomería
2018,química,reactividad_organica,Junio,Ejercicio 4 Opción A,isomería
2018,química,reactividad_organica,Reserva 1,Ejercicio 4 Opcion A,isomería
2018,química,reactividad_organica,Reserva 1,Ejercicio 4 Opción B,reacciones orgánicas
2018,química,reactividad_organica,Reserva 2,Ejercicio 4 Opcion A,reacciones orgánicas
2018,química,reactividad_organica,Reserva 3,Ejercicio 4 Opción A,reacciones orgánicas
2018,química,reactividad_organica,Reserva 3,Ejercicio 4 Opción B,isomería
2018,química,reactividad_organica,Reserva 4,Ejercicio 4 Opción B,isomería
2018,química,reactividad_organica,Septiembre,Ejercicio 4 Opción A,reacciones orgánicas
2018,química,reactividad_organica,Septiembre,Ejercicio 4 Opción B,isomería
2017,química,reactividad_organica,Junio,Ejercicio 4 Opción A,isomería
2017,química,reactividad_organica,Reserva 1,Ejercicio 4 Opción A,isomería
2017,química,reactividad_organica,Reserva 1,Ejercicio 4 Opción B,reacciones orgánicas
2017,química,reactividad_organica,Reserva 2,Ejercicio 4 Opción A,reacciones orgánicas
2017,química,reactividad_organica,Reserva 2,Ejercicio 4 Opción B,isomería
2017,química,reactividad_organica,Reserva 3,Ejercicio 4 Opción B,reacciones orgánicas
2017,química,reactividad_organica,Reserva 4,Ejercicio 4 Opción A,hidrocarburos
2017,química,reactividad_organica,Reserva 4,Ejercicio 4 Opción B,reacciones orgánicas
2017,química,reactividad_organica,Septiembre,Ejercicio 4 Opción A,reacciones orgánicas
2016,química,reactividad_organica,Junio,Ejercicio 4 Opción B,isomería
2016,química,reactividad_organica,Reserva 1,Ejercicio 4 Opcion A,reacciones orgánicas
2016,química,reactividad_organica,Reserva 3,Ejercicio 4 Opción A,reacciones orgánicas
2016,química,reactividad_organica,Septiembre,Ejercicio 4 Opción A,isomería
2015,química,reactividad_organica,Reserva 1,Ejercicio 4 Opción B,isomería
2015,química,reactividad_organica,Reserva 2,Ejercicio 4 Opción B,reacciones orgánicas
2015,química,reactividad_organica,Reserva 3,Ejercicio 4 Opcion A,isomería
2015,química,reactividad_organica,Reserva 4,Ejercicio 4 Opcion A,isomería
2015,química,reactividad_organica,Septiembre,Ejercicio 4 Opción A,reacciones orgánicas
2014,química,reactividad_organica,Junio,Ejercicio 4 Opción A,isomería
2014,química,reactividad_organica,Reserva 1,Ejercicio 4 Opcion A,isomería
2014,química,reactividad_organica,Reserva 3,Ejercicio 4 Opción B,reacciones orgánicas
2014,química,reactividad_organica,Reserva 4,Ejercicio 4 Opción A,reacciones orgánicas
2014,química,reactividad_organica,Septiembre,Ejercicio 4 Opción B,isomería
2013,química,reactividad_organica,Junio,Ejercicio 4 Opción B,isomería
2013,química,reactividad_organica,Reserva 2,Ejercicio 4 Opción A,isomería
2013,química,reactividad_organica,Reserva 3,Ejercicio 4 Opción A,reacciones orgánicas
2013,química,reactividad_organica,Reserva 4,Ejercicio 4 Opción A,isomería
2013,química,reactividad_organica,Septiembre,Ejercicio 4 Opción B,isomería
2012,química,reactividad_organica,Reserva 1,Ejercicio 4 Opción B,isomería
2012,química,reactividad_organica,Reserva 2,Ejercicio 4 Opcion A,reacciones orgánicas
2012,química,reactividad_organica,Reserva 3,Ejercicio 4 Opcióon A,isomería
2012,química,reactividad_organica,Reserva 4,Ejercicio 4 Opción A,isomería
2012,química,reactividad_organica,Septiembre,Ejercicio 4 Opción B,isomería
2011,química,reactividad_organica,Junio,Ejercicio 4 Opción A,isomería
2011,química,reactividad_organica,Reserva 1,Ejercicio 4 Opción B,reacciones orgánicas
2011,química,reactividad_organica,Reserva 3,Ejercicio 4 Opción B,isomería
2011,química,reactividad_organica,Reserva 4,Ejercicio 4 Opción A,hidrocarburos
2011,química,reactividad_organica,Septiembre,Ejercicio 4 Opción A,hidrocarburos
2010,química,reactividad_organica,Reserva 1,Ejercicio 4 Opción B,reacciones orgánicas
2010,química,reactividad_organica,Reserva 2,Ejercicio 4 Opción B,reacciones orgánicas
2010,química,reactividad_organica,Reserva 3,Ejercicio 4 Opción A,isomería
2010,química,reactividad_organica,Reserva 4,Ejercicio 4 Opcion A,isomería
2010,química,reactividad_organica,Septiembre,Ejercicio 4 Opción A,isomería
2009,química,reactividad_organica,Junio,Ejercicio 4 Opción B,isomería
2009,química,reactividad_organica,Reserva 1,Ejercicio 4 Opcion A,reacciones orgánicas
2009,química,reactividad_organica,Reserva 3,Ejercicio 4 Opción B,isomería
2009,química,reactividad_organica,Reserva 4,Ejercicio 4 Opción A,reacciones orgánicas
2009,química,reactividad_organica,Septiembre,Ejercicio 4 Opción A,reacciones orgánicas
2008,química,reactividad_organica,Junio,Ejercicio 4 Opción A,reacciones orgánicas
2008,química,reactividad_organica,Reserva 1,Ejercicio 4 Opción B,isomería
2008,química,reactividad_organica,Reserva 2,Ejercicio 4 Opción A,reacciones orgánicas
2008,química,reactividad_organica,Reserva 4,Ejercicio 4 Opción A,isomería
2008,química,reactividad_organica,Septiembre,Ejercicio 4 Opción B,reacciones orgánicas
2007,química,reactividad_organica,Junio,Ejercicio 4 Opción B,hidrocarburos
2007,química,reactividad_organica,Reserva 1,Ejercicio 4 Opción A,isomería
2007,química,reactividad_organica,Reserva 2,Ejercicio 4 Opción B,reacciones orgánicas
2007,química,reactividad_organica,Reserva 3,Ejercicio 4 Opción A,isomería
2007,química,reactividad_organica,Reserva 4,Ejercicio 4 Opción A,reacciones orgánicas
2006,química,reactividad_organica,Junio,Ejercicio 4 Opción B,reacciones orgánicas
2006,química,reactividad_organica,Reserva 1,Ejercicio 4 Opcion A,reacciones orgánicas
2006,química,reactividad_organica,Reserva 3,Ejercicio 4 Opción A,isomería
2006,química,reactividad_organica,Septiembre,Ejercicio 4 Opción B,isomería
2005,química,reactividad_organica,Junio,Ejercicio 4 Opción B,isomería
2005,química,reactividad_organica,Reserva 2,Ejercicio 4 Opción A,reacciones orgánicas
2005,química,reactividad_organica,Reserva 2,Ejercicio 3 Opción B,hidrocarburos
2005,química,reactividad_organica,Reserva 3,Ejercicio 4 Opcióon A,reacciones orgánicas
2005,química,reactividad_organica,Reserva 4,Ejercicio 4 Opción A,reacciones orgánicas
2005,química,reactividad_organica,Septiembre,Ejercicio 4 Opción A,isomería
2004,química,reactividad_organica,Junio,Ejercicio 4 Opción B,isomería
2004,química,reactividad_organica,Reserva 1,Ejercicio 4 Opción A,reacciones orgánicas
2004,química,reactividad_organica,Reserva 2,Ejercicio 4 Opción A,hidrocarburos
2004,química,reactividad_organica,Reserva 3,Ejercicio 4 Opción A,reacciones orgánicas
2004,química,reactividad_organica,Septiembre,Ejercicio 4 Opcion A,hidrocarburos
2003,química,reactividad_organica,Junio,Ejercicio 4 Opción A,isomería
2003,química,reactividad_organica,Reserva 1,Ejercicio 4 Opción A,reacciones orgánicas
2003,química,reactividad_organica,Reserva 2,Ejercicio 4 Opción B,isomería
2003,química,reactividad_organica,Reserva 3,Ejercicio 4 Opción B,reacciones orgánicas
2003,química,reactividad_organica,Septiembre,Ejercicio 4 Opcion A,isomería
2002,química,reactividad_organica,Junio,Ejercicio 4 Opción A,reacciones orgánicas
2002,química,reactividad_organica,Reserva 1,Ejercicio 4 Opción A,reacciones orgánicas
2002,química,reactividad_organica,Reserva 3,Ejercicio 4 Opción B,isomería
2002,química,reactividad_organica,Reserva 4,Ejercicio 4 Opción A,hidrocarburos
2002,química,reactividad_organica,Septiembre,Ejercicio 4 Opción B,reacciones orgánicas
2001,química,reactividad_organica,Junio,Ejercicio 4 Opción B,reacciones orgánicas
2001,química,reactividad_organica,Reserva 1,Ejercicio 4 Opción A,hidrocarburos
2001,química,reactividad_organica,Reserva 2,Ejercicio 4 Opción B,reacciones orgánicas
2001,química,reactividad_organica,Reserva 3,Ejercicio 2 Opción A,hidrocarburos
2001,química,reactividad_organica,Reserva 3,Ejercicio 4 Opción B,reacciones orgánicas
2001,química,reactividad_organica,Reserva 4,Ejercicio 4 Opción A,hidrocarburos
2001,química,reactividad_organica,Septiembre,Ejercicio 4 Opción A,hidrocarburos
2000,química,reactividad_organica,Junio,Ejercicio 4 Opción B,reacciones orgánicas
2000,química,reactividad_organica,Reserva 2,Ejercicio 4 Opción B,reacciones orgánicas
2000,química,reactividad_organica,Reserva 3,Ejercicio 4 Opción A,reacciones orgánicas
2000,química,reactividad_organica,Reserva 4,Ejercicio 4 Opción B,hidrocarburos
2000,química,reactividad_organica,Septiembre,Ejercicio 4 Opción B,hidrocarburos
2025,,redox,Julio,Ejercicio 3B,ajuste reacción redox (riqueza)
2025,,redox,Junio,Ejercicio 5,ley de Faraday
2025,,redox,Reserva 1,Ejercicio 3B,ajuste reacción redox (rendimiento)
2025,,redox,Reserva 2,Ejercicio 2A,verdadero o falso
2025,,redox,Reserva 2,Ejercicio 3A,ley de Faraday
2024,,redox,Julio,Ejercicio C4,ajuste reacción redox (riqueza)
2024,,redox,Junio,Ejercicio C4,ajuste reacción redox (reactivo limitante)
2024,,redox,Reserva 1,Ejercicio C4,ajuste reacción redox (riqueza)
2024,,redox,Reserva 2,Ejercicio B4,pilas galvánicas
2024,,redox,Reserva 2,Ejercicio C4,ajuste reacción redox (riqueza)
2024,,redox,Reserva 3,Ejercicio B5,
2024,,redox,Reserva 3,Ejercicio C2,ley de Faraday
2024,,redox,Reserva 4,Ejercicio B5,pilas galvánicas
2024,,redox,Reserva 4,Ejercicio C4,ley de Faraday
2023,,redox,Julio,Ejercicio C4,ajuste reacción redox (riqueza)
2023,,redox,Junio,Ejercicio B5,pilas galvánicas
2023,,redox,Junio,Ejercicio C4,ley de Faraday
2023,,redox,Reserva 1,Ejercicio B2,verdadero o falso
2023,,redox,Reserva 1,Ejercicio C2,ley de Faraday
2023,,redox,Reserva 2,Ejercicio C4,ajuste reacción redox (reactivo limitante)
2023,,redox,Reserva 3,Ejercicio B4,pilas galvánicas
2023,,redox,Reserva 3,Ejercicio C4,ajuste reacción redox (reactivo limitante)
2023,,redox,Reserva 4,Ejercicio C4,ajuste reacción redox (riqueza)
2022,,redox,Julio,Ejercicio B5,pilas galvánicas
2022,,redox,Julio,Ejercicio C4,ley de Faraday
2022,,redox,Junio,Ejercicio C4,ajuste reacción redox (riqueza)
2022,,redox,Reserva 1,Ejercicio B4,pilas galvánicas
2022,,redox,Reserva 1,Ejercicio C4,ajuste reacción redox (reactivo limitante)
2022,,redox,Reserva 2,Ejercicio C4,ajuste reacción redox (rendimiento)
2022,,redox,Reserva 3,Ejercicio C4,ajuste reacción redox (reactivo limitante)
2022,,redox,Reserva 4,Ejercicio B5,pilas galvánicas
2022,,redox,Reserva 4,Ejercicio C2,ley de Faraday
2021,,redox,Julio,Ejercicio C4,ajuste reacción redox (riqueza)
2021,,redox,Junio,Ejercicio C4,ajuste reacción redox (riqueza)
2021,,redox,Reserva 1,Ejercicio B5,verdadero o falso
2021,,redox,Reserva 1,Ejercicio C2,ley de Faraday
2021,,redox,Reserva 2,Ejercicio B5,pilas galvánicas
2021,,redox,Reserva 2,Ejercicio C4,ley de Faraday
2021,,redox,Reserva 3,Ejercicio B4,verdadero o falso
2021,,redox,Reserva 3,Ejercicio C4,ajuste reacción redox (riqueza)
2021,,redox,Reserva 4,Ejercicio C4,ajuste reacción redox (rendimiento)
2020,,redox,Junio,C4,ajuste reacción redox (reactivo limitante)
2020,,redox,Reserva 1,Ejercicio B5,pilas galvánicas
2020,,redox,Reserva 1,Ejercicio C4,ley de Faraday
2020,,redox,Reserva 2,Ejercicio B4,pilas galvánicas
2020,,redox,Reserva 2,Ejercicio C4,ajuste reacción redox (rendimiento)
2020,,redox,Reserva 3,Ejercicio C4,ajuste reacción redox (riqueza)
2020,,redox,Reserva 4,Ejercicio B6,pilas galvánicas
2020,,redox,Reserva 4,Ejercicio C4,ajuste reacción redox (reactivo limitante)
2020,,redox,Septiembre,Ejercicio C2,ley de Faraday
2019,,redox,Junio,Ejercicio 6 Opción B,ajuste reacción redox (reactivo limitante)
2019,,redox,Reserva 1,Ejercicio 6 Opción A,ajuste reacción redox (rendimiento)
2019,,redox,Reserva 1,Ejercicio 6 Opción B,ley de Faraday
2019,,redox,Reserva 2,Ejercicio 6 Opción A,ley de Faraday
2019,,redox,Reserva 2,Ejercicio 6 Opción B,ajuste reacción redox (reactivo limitante)
2019,,redox,Reserva 3,Ejercicio 4 Opción A,pilas galvánicas
2019,,redox,Reserva 3,Ejercicio 6 Opción B,ajuste reacción redox (reactivo limitante)
2019,,redox,Reserva 4,Ejercicio 3 Opción A,pilas galvánicas
2019,,redox,Reserva 4,Ejercicio 6 Opción B,ajuste reacción redox (rendimiento)
2019,,redox,Septiembre,Ejercicio 6 Opción A,ajuste reacción redox (rendimiento)
2019,,redox,Septiembre,Ejercicio 6 Opción B,ley de Faraday
2018,,redox,Junio,Ejercicio 3 Opción A,pilas galvánicas
2018,,redox,Junio,Ejercicio 6 Opción B,ajuste reacción redox (riqueza)
2018,,redox,Reserva 1,Ejercicio 6 Opción B,ajuste reacción redox (riqueza)
2018,,redox,Reserva 2,Ejercicio 6 Opción A,ajuste reacción redox (reactivo limitante)
2018,,redox,Reserva 2,Ejercicio 6 Opción B,ley de Faraday
2018,,redox,Reserva 3,Ejercicio 6 Opción A,ajuste reacción redox (riqueza)
2018,,redox,Reserva 3,Ejercicio 6 Opción B,ley de Faraday
2018,,redox,Reserva 4,Ejercicio 4 Opcion A,pilas galvánicas
2018,,redox,Reserva 4,Ejercicio 6 Opción B,ajuste reacción redox (riqueza)
2018,,redox,Septiembre,Ejercicio 6 Opción A,ley de Faraday
2018,,redox,Septiembre,Ejercicio 6 Opción B,ajuste reacción redox (reactivo limitante)
2017,,redox,Junio,Ejercicio 3 Opción A,pilas galvánicas
2017,,redox,Junio,Ejercicio 6 Opción B,ajuste reacción redox (rendimiento)
2017,,redox,Reserva 1,Ejercicio 6 Opción A,ajuste reacción redox (reactivo limitante)
2017,,redox,Reserva 1,Ejercicio 6 Opción B,ley de Faraday
2017,,redox,Reserva 2,Ejercicio 6 Opción B,ajuste reacción redox (riqueza)
2017,,redox,Reserva 3,Ejercicio 4 Opción A,pilas galvánicas
2017,,redox,Reserva 3,Ejercicio 6 Opción B,ajuste reacción redox (reactivo limitante)
2017,,redox,Reserva 4,Ejercicio 6 Opción A,ley de Faraday
2017,,redox,Reserva 4,Ejercicio 6 Opción B,ajuste reacción redox (riqueza)
2017,,redox,Septiembre,Ejercicio 6 Opción A,ajuste reacción redox (reactivo limitante)
2017,,redox,Septiembre,Ejercicio 6 Opción B,ley de Faraday
2016,,redox,Junio,Ejercicio 3 Opción A,pilas galvánicas
2016,,redox,Junio,Ejercicio 6 Opción B,ley de Faraday
2016,,redox,Reserva 1,Ejercicio 3 Opción A,verdadero o falso
2016,,redox,Reserva 1,Ejercicio 6 Opción B,ajuste reacción redox (reactivo limitante)
2016,,redox,Reserva 2,Ejercicio 5 Opción A,ajuste reacción redox (reactivo limitante)
2016,,redox,Reserva 3,Ejercicio 3 Opción B,pilas galvánicas
2016,,redox,Septiembre,Ejercicio 6 Opción B,ley de Faraday
2015,,redox,Junio,Ejercicio 5 Opción A,ajuste reacción redox (riqueza)
2015,,redox,Reserva 1,Ejercicio 3 Opción A,pilas galvánicas
2015,,redox,Reserva 1,Ejercicio 6 Opción B,ley de Faraday
2015,,redox,Reserva 2,Ejercicio 5 Opción A,ajuste reacción redox (riqueza)
2015,,redox,Reserva 3,Ejercicio 3 Opción B,pilas galvánicas
2015,,redox,Reserva 4,Ejercicio 6 Opción B,ley de Faraday
2015,,redox,Septiembre,Ejercicio 3 Opción A,pilas galvánicas
2015,,redox,Septiembre,Ejercicio 5 Opción B,ajuste reacción redox (reactivo limitante)
2014,,redox,Junio,Ejercicio 6 Opción B,ley de Faraday
2014,,redox,Reserva 1,Ejercicio 3 Opción B,pilas galvánicas
2014,,redox,Reserva 2,Ejercicio 5 Opción A,ajuste reacción redox (reactivo limitante)
2014,,redox,Reserva 3,Ejercicio 3 Opción A,pilas galvánicas
2014,,redox,Reserva 3,Ejercicio 6 Opción B,ley de Faraday
2014,,redox,Reserva 4,Ejercicio 3 Opción A,pilas galvánicas
2014,,redox,Reserva 4,Ejercicio 6 Opción B,ajuste reacción redox (reactivo limitante)
2014,,redox,Septiembre,Ejercicio 5 Opción A,ajuste reacción redox (riqueza)
2013,,redox,Junio,Ejercicio 5 Opción A,ajuste reacción redox (riqueza)
2013,,redox,Reserva 1,Ejercicio 5 Opción A,ajuste reacción redox (reactivo limitante)
2013,,redox,Reserva 2,Ejercicio 6 Opción B,ley de Faraday
2013,,redox,Reserva 3,Ejercicio 3 Opción B,pilas galvánicas
2013,,redox,Reserva 4,Ejercicio 3 Opcion A,pilas galvánicas
2013,,redox,Reserva 4,Ejercicio 6 Opción B,ajuste reacción redox (reactivo limitante)
2013,,redox,Septiembre,Ejercicio 3 Opción A,
2013,,redox,Septiembre,Ejercicio 6 Opción B,ley de Faraday
2012,,redox,Junio,Ejercicio 5 Opción A,ajuste reacción redox (riqueza)
2012,,redox,Reserva 1,Ejercicio 3 Opción A,
2012,,redox,Reserva 1,Ejercicio 6 Opción B,ley de Faraday
2012,,redox,Reserva 2,Ejercicio 3 Opción B,pilas galvánicas
2012,,redox,Reserva 3,Ejercicio 6 Opción B,ley de Faraday
2012,,redox,Reserva 4,Ejercicio 3 Opción A,pilas galvánicas
2012,,redox,Reserva 4,Ejercicio 6 Opción B,ajuste reacción redox (riqueza)
2012,,redox,Septiembre,Ejercicio 5 Opción A,ajuste reacción redox (reactivo limitante)
2011,,redox,Junio,Ejercicio 3 Opción B,pilas galvánicas
2011,,redox,Reserva 1,Ejercicio 5 Opción A,ajuste reacción redox (rendimiento)
2011,,redox,Reserva 2,Ejercicio 5 Opción A,ajuste reacción redox (riqueza)
2011,,redox,Reserva 3,Ejercicio 3 Opción A,pilas galvánicas
2011,,redox,Reserva 3,Ejercicio 6 Opción B,ley de Faraday
2011,,redox,Reserva 4,Ejercicio 6 Opción B,ley de Faraday
2011,,redox,Septiembre,Ejercicio 3 Opción A,pilas galvánicas
2011,,redox,Septiembre,Ejercicio 6 Opción B,ajuste reacción redox (reactivo limitante)
2010,,redox,Junio,Ejercicio 5 Opción A,ajuste reacción redox (reactivo limitante)
2010,,redox,Reserva 1,Ejercicio 3 Opción A,pilas galvánicas
2010,,redox,Reserva 1,Ejercicio 6 Opción B,ley de Faraday
2010,,redox,Reserva 2,Ejercicio 5 Opción A,ajuste reacción redox (reactivo limitante)
2010,,redox,Reserva 3,Ejercicio 6 Opción B,ley de Faraday
2010,,redox,Reserva 4,Ejercicio 3 Opción A,pilas galvánicas
2010,,redox,Reserva 4,Ejercicio 6 Opción B,ajuste reacción redox (reactivo limitante)
2010,,redox,Septiembre,Ejercicio 3 Opción B,
2009,,redox,Junio,Ejercicio 5 Opción A,ajuste reacción redox (reactivo limitante)
2009,,redox,Reserva 1,Ejercicio 3 Opción B,pilas galvánicas
2009,,redox,Reserva 2,Ejercicio 5 Opción A,ajuste reacción redox (reactivo limitante)
2009,,redox,Reserva 3,Ejercicio 3 Opcion A,pilas galvánicas
2009,,redox,Reserva 3,Ejercicio 6 Opción B,ley de Faraday
2009,,redox,Reserva 4,Ejercicio 3 Opción A,pilas galvánicas
2009,,redox,Reserva 4,Ejercicio 6 Opción B,ajuste reacción redox (reactivo limitante)
2009,,redox,Septiembre,Ejercicio 6 Opción B,ley de Faraday
2008,,redox,Junio,Ejercicio 3 Opción A,pilas galvánicas
2008,,redox,Junio,Ejercicio 6 Opción B,ajuste reacción redox (reactivo limitante)
2008,,redox,Reserva 1,Ejercicio 3 Opción A,
2008,,redox,Reserva 1,Ejercicio 6 Opción B,ley de Faraday
2008,,redox,Reserva 2,Ejercicio 3 Opción B,
2008,,redox,Reserva 3,Ejercicio 5 Opción A,ajuste reacción redox (reactivo limitante)
2008,,redox,Reserva 4,Ejercicio 6 Opción B,ley de Faraday
2008,,redox,Septiembre,Ejercicio 5 Opcion A,ajuste reacción redox (reactivo limitante)
2007,,redox,Junio,Ejercicio 5 Opción A,ajuste reacción redox (riqueza)
2007,,redox,Reserva 1,Ejercicio 6 Opción B,ley de Faraday
2007,,redox,Reserva 2,Ejercicio 3 Opción A,
2007,,redox,Reserva 2,Ejercicio 6 Opción B,ley de Faraday
2007,,redox,Reserva 3,Ejercicio 3 Opción A,verdadero o falso
2007,,redox,Reserva 3,Ejercicio 6 Opción B,ajuste reacción redox (riqueza)
2007,,redox,Reserva 4,Ejercicio 3 Opción B,pilas galvánicas
2007,,redox,Septiembre,Ejercicio 5 Opción A,ajuste reacción redox (reactivo limitante)
2006,,redox,Junio,Ejercicio 3 Opción A,verdadero o falso
2006,,redox,Junio,Ejercicio 6 Opción B,ley de Faraday
2006,,redox,Reserva 1,Ejercicio 3 Opcion A,verdadero o falso
2006,,redox,Reserva 1,Ejercicio 6 Opción B,ajuste reacción redox (riqueza)
2006,,redox,Reserva 2,Ejercicio 5 Opcion A,ajuste reacción redox (reactivo limitante)
2006,,redox,Reserva 3,Ejercicio 6 Opción B,ley de Faraday
2006,,redox,Reserva 4,Ejercicio 3 Opción B,pilas galvánicas
2006,,redox,Septiembre,Ejercicio 5 Opción A,ajuste reacción redox (reactivo limitante)
2005,,redox,Junio,Ejercicio 5 Opción A,ajuste reacción redox (reactivo limitante)
2005,,redox,Reserva 1,Ejercicio 5 Opcion A,ajuste reacción redox (reactivo limitante)
2005,,redox,Reserva 2,Ejercicio 6 Opción B,ley de Faraday
2005,,redox,Reserva 3,Ejercicio 3 Opción A,pilas galvánicas
2005,,redox,Reserva 3,Ejercicio 6 Opción B,ajuste reacción redox (reactivo limitante)
2005,,redox,Reserva 4,Ejercicio 6 Opción A,ley de Faraday
2005,,redox,Reserva 4,Ejercicio 3 Opción B,verdadero o falso
2005,,redox,Septiembre,Ejercicio 3 Opción B,verdadero o falso
2004,,redox,Junio,Ejercicio 5 Opción A,ajuste reacción redox (riqueza)
2004,,redox,Reserva 1,Ejercicio 6 Opción B,ley de Faraday
2004,,redox,Reserva 2,Ejercicio 6 Opción A,ley de Faraday
2004,,redox,Reserva 2,Ejercicio 3 Opción B,
2004,,redox,Reserva 3,Ejercicio 3 Opción A,pilas galvánicas
2004,,redox,Reserva 3,Ejercicio 6 Opción B,ajuste reacción redox (reactivo limitante)
2004,,redox,Reserva 4,Ejercicio 5 Opcion A,ajuste reacción redox (reactivo limitante)
2004,,redox,Septiembre,Ejercicio 3 Opción B,pilas galvánicas
2003,,redox,Junio,Ejercicio 3 Opción A,verdadero o falso
2003,,redox,Junio,Ejercicio 6 Opción B,ajuste reacción redox (reactivo limitante)
2003,,redox,Reserva 1,Ejercicio 6 Opción B,ley de Faraday
2003,,redox,Reserva 2,Ejercicio 3 Opcion A,pilas galvánicas
2003,,redox,Reserva 2,Ejercicio 6 Opción B,ley de Faraday
2003,,redox,Reserva 3,Ejercicio 5 Opción A,ajuste reacción redox (reactivo limitante)
2003,,redox,Reserva 4,Ejercicio 5 Opcion A,ajuste reacción redox (reactivo limitante)
2003,,redox,Septiembre,Ejercicio 3 Opción B,verdadero o falso
2002,,redox,Junio,Ejercicio 3 Opción B,
2002,,redox,Reserva 1,Ejercicio 6 Opción B,ley de Faraday
2002,,redox,Reserva 2,Ejercicio 5 Opcion A,ajuste reacción redox (reactivo limitante)
2002,,redox,Reserva 3,Ejercicio 5 Opcion A,ajuste reacción redox (reactivo limitante)
2002,,redox,Reserva 4,Ejercicio 3 Opción A,pilas galvánicas
2002,,redox,Reserva 4,Ejercicio 6 Opción B,ajuste reacción redox (reactivo limitante)
2002,,redox,Septiembre,Ejercicio 3 Opcion A,
2002,,redox,Septiembre,Ejercicio 6 Opción B,ley de Faraday
2001,,redox,Junio,Ejercicio 5 Opcion A,ajuste reacción redox (reactivo limitante)
2001,,redox,Reserva 1,Ejercicio 6 Opción B,ley de Faraday
2001,,redox,Reserva 2,Ejercicio 5 Opcion A,ajuste reacción redox (reactivo limitante)
2001,,redox,Reserva 3,Ejercicio 3 Opción A,
2001,,redox,Reserva 3,Ejercicio 6 Opción B,ley de Faraday
2001,,redox,Reserva 4,Ejercicio 3 Opción A,pilas galvánicas
2001,,redox,Reserva 4,Ejercicio 6 Opción B,ajuste reacción redox (reactivo limitante)
2001,,redox,Septiembre,Ejercicio 6 Opcióon A,ley de Faraday
2001,,redox,Septiembre,Ejercicio 3 Opción B,pilas galvánicas
2000,,redox,Junio,Ejercicio 6 Opción A,ajuste reacción redox (reactivo limitante)
2000,,redox,Reserva 1,Ejercicio 5 Opción B,ajuste reacción redox (reactivo limitante)
2000,,redox,Reserva 2,Ejercicio 5 Opción A,ajuste reacción redox (reactivo limitante)
2000,,redox,Reserva 3,Ejercicio 3 Opción A,pilas galvánicas
2000,,redox,Reserva 4,Ejercicio 3 Opcion A,
2000,,redox,Reserva 4,Ejercicio 6 Opción B,ley de Faraday
2000,,redox,Septiembre,Ejercicio 3 Opción A,pilas galvánicas
2000,,redox,Septiembre,Ejercicio 6 Opción B,ley de Faraday
2025,química,solubilidad,Julio,Ejercicio 2B,efecto del ion común teórico
2024,química,solubilidad,Junio,C2,cálculo de la solubilidad (efecto ion común)
2024,química,solubilidad,Junio,C2,cálculo de la solubilidad (efecto ion común)
2022,química,solubilidad,Julio,Ejercicio C2,formación de precipitado
2022,química,solubilidad,Junio,Ejercicio B6,efecto del ion común teórico
2022,química,solubilidad,Junio,C2,cálculo de la solubilidad (efecto ion común)
2022,química,solubilidad,Reserva 1,Ejercicio B5,cuestiones teóricas
2022,química,solubilidad,Reserva 1,Ejercicio C2,cálculo de la solubilidad (efecto ion común)
2022,química,solubilidad,Reserva 2,Ejercicio C2,cálculo de la solubilidad o el producto de solubilidad
2022,química,solubilidad,Reserva 3,Ejercicio C2,formación de precipitado
2022,química,solubilidad,Reserva 4,Ejercicio C4,formación de precipitado
2022,química,solubilidad,Julio,Ejercicio C2,formación de precipitado
2022,química,solubilidad,Junio,Ejercicio B6,efecto del ion común teórico
2022,química,solubilidad,Junio,C2,cálculo de la solubilidad (efecto ion común)
2022,química,solubilidad,Reserva 1,Ejercicio B5,cuestiones teóricas
2022,química,solubilidad,Reserva 1,Ejercicio C2,cálculo de la solubilidad (efecto ion común)
2022,química,solubilidad,Reserva 2,Ejercicio C2,cálculo de la solubilidad o el producto de solubilidad
2022,química,solubilidad,Reserva 3,Ejercicio C2,formación de precipitado
2022,química,solubilidad,Reserva 4,Ejercicio C4,formación de precipitado
2021,química,solubilidad,Julio,Ejercicio C2,cálculo de la solubilidad (efecto ion común)
2021,química,solubilidad,Junio,Ejercicio C2,cálculo de la solubilidad (efecto ion común)
2021,química,solubilidad,Reserva 1,Ejercicio C4,cálculo de la solubilidad (efecto ion común)
2021,química,solubilidad,Reserva 2,Ejercicio C2,formación de precipitado
2021,química,solubilidad,Reserva 3,Ejercicio B5,cuestiones teóricas
2021,química,solubilidad,Reserva 3,Ejercicio C2,cálculo de la solubilidad o el producto de solubilidad
2021,química,solubilidad,Reserva 4,Ejercicio B6,efecto del ion común teórico
2021,química,solubilidad,Reserva 4,Ejercicio C2,formación de precipitado
2021,química,solubilidad,Julio,Ejercicio C2,cálculo de la solubilidad (efecto ion común)
2021,química,solubilidad,Junio,Ejercicio C2,cálculo de la solubilidad (efecto ion común)
2021,química,solubilidad,Reserva 1,Ejercicio C4,cálculo de la solubilidad (efecto ion común)
2021,química,solubilidad,Reserva 2,Ejercicio C2,formación de precipitado
2021,química,solubilidad,Reserva 3,Ejercicio B5,cuestiones teóricas
2021,química,solubilidad,Reserva 3,Ejercicio C2,cálculo de la solubilidad o el producto de solubilidad
2021,química,solubilidad,Reserva 4,Ejercicio B6,efecto del ion común teórico
2021,química,solubilidad,Reserva 4,Ejercicio C2,formación de precipitado
2020,química,solubilidad,Junio,C2,cálculo de la solubilidad (efecto ion común)
2020,química,solubilidad,Reserva 1,Ejercicio C2,formación de precipitado
2020,química,solubilidad,Reserva 2,Ejercicio Bs,efecto del ion común teórico
2020,química,solubilidad,Reserva 2,Ejercicio C2,formación de precipitado
2020,química,solubilidad,Reserva 3,Ejercicio C2,cálculo de la solubilidad (efecto ion común)
2020,química,solubilidad,Reserva 4,Ejercicio C2,influencia del pH
2020,química,solubilidad,Septiembre,B5,efecto del ion común teórico
2020,química,solubilidad,Septiembre,C4,formación de precipitado
2020,química,solubilidad,Junio,C2,cálculo de la solubilidad (efecto ion común)
2020,química,solubilidad,Reserva 1,Ejercicio C2,formación de precipitado
2020,química,solubilidad,Reserva 2,Ejercicio Bs,efecto del ion común teórico
2020,química,solubilidad,Reserva 2,Ejercicio C2,formación de precipitado
2020,química,solubilidad,Reserva 3,Ejercicio C2,cálculo de la solubilidad (efecto ion común)
2020,química,solubilidad,Reserva 4,Ejercicio C2,influencia del pH
2020,química,solubilidad,Septiembre,B5,efecto del ion común teórico
2020,química,solubilidad,Septiembre,C4,formación de precipitado
2019,química,solubilidad,Junio,Ejercicio 6 Opción A,formación de precipitado
2019,química,solubilidad,Reserva 1,Ejercicio 3 Opción A,cuestiones teóricas
2019,química,solubilidad,Reserva 2,Ejercicio 3 Opción B,cuestiones teóricas
2019,química,solubilidad,Reserva 3,Ejercicio 6 Opción A,formación de precipitado
2019,química,solubilidad,Reserva 4,Ejercicio 5 Opción B,cálculo de la solubilidad (efecto ion común)
2019,química,solubilidad,Junio,Ejercicio 6 Opción A,formación de precipitado
2019,química,solubilidad,Reserva 1,Ejercicio 3 Opción A,cuestiones teóricas
2019,química,solubilidad,Reserva 2,Ejercicio 3 Opción B,cuestiones teóricas
2019,química,solubilidad,Reserva 3,Ejercicio 6 Opción A,formación de precipitado
2019,química,solubilidad,Reserva 4,Ejercicio 5 Opción B,cálculo de la solubilidad (efecto ion común)
2018,química,solubilidad,Junio,Ejercicio 5 Opción B,formación de precipitado
2018,química,solubilidad,Reserva 1,Ejercicio 6 Opción A,cálculo de la solubilidad (efecto ion común)
2018,química,solubilidad,Reserva 2,Ejercicio 3 Opción A,cuestiones teóricas
2018,química,solubilidad,Reserva 4,Ejercicio 6 Opción A,cálculo de la solubilidad (efecto ion común)
2018,química,solubilidad,Septiembre,Ejercicio 3 Opción B,cuestiones teóricas
2018,química,solubilidad,Junio,Ejercicio 5 Opción B,formación de precipitado
2018,química,solubilidad,Reserva 1,Ejercicio 6 Opción A,cálculo de la solubilidad (efecto ion común)
2018,química,solubilidad,Reserva 2,Ejercicio 3 Opción A,cuestiones teóricas
2018,química,solubilidad,Reserva 4,Ejercicio 6 Opción A,cálculo de la solubilidad (efecto ion común)
2018,química,solubilidad,Septiembre,Ejercicio 3 Opción B,cuestiones teóricas
2017,química,solubilidad,Junio,Ejercicio 5 Opción B,cálculo de la solubilidad o el producto de solubilidad
2017,química,solubilidad,Reserva 2,Ejercicio 6 Opción A,cálculo de la solubilidad (efecto ion común)
2017,química,solubilidad,Reserva 3,Ejercicio 6 Opción A,cálculo de la solubilidad (efecto ion común)
2017,química,solubilidad,Reserva 4,Ejercicio 3 Opción B,cuestiones teóricas
2017,química,solubilidad,Septiembre,Ejercicio 3 Opción A,cuestiones teóricas
2017,química,solubilidad,Junio,Ejercicio 5 Opción B,cálculo de la solubilidad o el producto de solubilidad
2017,química,solubilidad,Reserva 2,Ejercicio 6 Opción A,cálculo de la solubilidad (efecto ion común)
2017,química,solubilidad,Reserva 3,Ejercicio 6 Opción A,cálculo de la solubilidad (efecto ion común)
2017,química,solubilidad,Reserva 4,Ejercicio 3 Opción B,cuestiones teóricas
2017,química,solubilidad,Septiembre,Ejercicio 3 Opción A,cuestiones teóricas
2016,química,solubilidad,Reserva 1,Ejercicio 6 Opción A,cálculo de la solubilidad o el producto de solubilidad
2016,química,solubilidad,Reserva 2,Ejercicio 3 Opción A,efecto del ion común teórico
2016,química,solubilidad,Septiembre,Ejercicio 5 Opción B,cálculo de la solubilidad o el producto de solubilidad
2016,química,solubilidad,Reserva 1,Ejercicio 6 Opción A,cálculo de la solubilidad o el producto de solubilidad
2016,química,solubilidad,Reserva 2,Ejercicio 3 Opción A,efecto del ion común teórico
2016,química,solubilidad,Septiembre,Ejercicio 5 Opción B,cálculo de la solubilidad o el producto de solubilidad
2015,química,solubilidad,Junio,Ejercicio 3 Opción A,efecto del ion común teórico
2015,química,solubilidad,Reserva 2,Ejercicio 3 Opcion A,cuestiones teóricas
2015,química,solubilidad,Reserva 4,Ejercicio 5 Opción B,cálculo de la solubilidad o el producto de solubilidad
2015,química,solubilidad,Septiembre,Ejercicio 6 Opcióon A,formación de precipitado
2015,química,solubilidad,Junio,Ejercicio 3 Opción A,efecto del ion común teórico
2015,química,solubilidad,Reserva 2,Ejercicio 3 Opcion A,cuestiones teóricas
2015,química,solubilidad,Reserva 4,Ejercicio 5 Opción B,cálculo de la solubilidad o el producto de solubilidad
2015,química,solubilidad,Septiembre,Ejercicio 6 Opcióon A,formación de precipitado
2014,química,solubilidad,Junio,Ejercicio 5 Opción B,cálculo de la solubilidad o el producto de solubilidad
2014,química,solubilidad,Reserva 2,Ejercicio 3 Opción A,influencia del pH
2014,química,solubilidad,Reserva 4,Ejercicio 6 Opción A,influencia del pH
2014,química,solubilidad,Septiembre,Ejercicio 3 Opción A,cuestiones teóricas
2014,química,solubilidad,Junio,Ejercicio 5 Opción B,cálculo de la solubilidad o el producto de solubilidad
2014,química,solubilidad,Reserva 2,Ejercicio 3 Opción A,influencia del pH
2014,química,solubilidad,Reserva 4,Ejercicio 6 Opción A,influencia del pH
2014,química,solubilidad,Septiembre,Ejercicio 3 Opción A,cuestiones teóricas
2013,química,solubilidad,Junio,Ejercicio 3 Opción A,cuestiones teóricas
2013,química,solubilidad,Reserva 1,Ejercicio 3 Opcion A,cuestiones teóricas
2013,química,solubilidad,Reserva 2,Ejercicio 5 Opción B,cálculo de la solubilidad (efecto ion común)
2013,química,solubilidad,Reserva 4,Ejercicio 6 Opción A,cálculo de la solubilidad o el producto de solubilidad
2013,química,solubilidad,Junio,Ejercicio 3 Opción A,cuestiones teóricas
2013,química,solubilidad,Reserva 1,Ejercicio 3 Opcion A,cuestiones teóricas
2013,química,solubilidad,Reserva 2,Ejercicio 5 Opción B,cálculo de la solubilidad (efecto ion común)
2013,química,solubilidad,Reserva 4,Ejercicio 6 Opción A,cálculo de la solubilidad o el producto de solubilidad
2012,química,solubilidad,Junio,Ejercicio 3 Opción A,cuestiones teóricas
2012,química,solubilidad,Reserva 3,Ejercicio 5 Opción B,cálculo de la solubilidad (efecto ion común)
2012,química,solubilidad,Reserva 4,Ejercicio 6 Opción A,formación de precipitado
2012,química,solubilidad,Septiembre,Ejercicio 3 Opcion A,cuestiones teóricas
2012,química,solubilidad,Junio,Ejercicio 3 Opción A,cuestiones teóricas
2012,química,solubilidad,Reserva 3,Ejercicio 5 Opción B,cálculo de la solubilidad (efecto ion común)
2012,química,solubilidad,Reserva 4,Ejercicio 6 Opción A,formación de precipitado
2012,química,solubilidad,Septiembre,Ejercicio 3 Opcion A,cuestiones teóricas
2011,química,solubilidad,Reserva 1,Ejercicio 3 Opción A,efecto del ion común teórico
2011,química,solubilidad,Reserva 2,Ejercicio 3 Opción A,efecto del ion común teórico
2011,química,solubilidad,Reserva 4,Ejercicio 5 Opción B,cálculo de la solubilidad o el producto de solubilidad
2011,química,solubilidad,Septiembre,Ejercicio 6 Opción A,cálculo de la solubilidad (efecto ion común)
2011,química,solubilidad,Reserva 1,Ejercicio 3 Opción A,efecto del ion común teórico
2011,química,solubilidad,Reserva 2,Ejercicio 3 Opción A,efecto del ion común teórico
2011,química,solubilidad,Reserva 4,Ejercicio 5 Opción B,cálculo de la solubilidad o el producto de solubilidad
2011,química,solubilidad,Septiembre,Ejercicio 6 Opción A,cálculo de la solubilidad (efecto ion común)
2010,química,solubilidad,Junio,Ejercicio 3 Opción A,cuestiones teóricas
2010,química,solubilidad,Reserva 2,Ejercicio 3 Opcion A,efecto del ion común teórico
2010,química,solubilidad,Reserva 3,Ejercicio 5 Opción B,cálculo de la solubilidad (efecto ion común)
2010,química,solubilidad,Reserva 4,Ejercicio 6 Opción A,influencia del pH
2010,química,solubilidad,Junio,Ejercicio 3 Opción A,cuestiones teóricas
2010,química,solubilidad,Reserva 2,Ejercicio 3 Opcion A,efecto del ion común teórico
2010,química,solubilidad,Reserva 3,Ejercicio 5 Opción B,cálculo de la solubilidad (efecto ion común)
2010,química,solubilidad,Reserva 4,Ejercicio 6 Opción A,influencia del pH
2015,química,termoquimica,Junio,Ejercicio 6 Opción B,cálculo de la entalpía (formación)
2015,química,termoquimica,Reserva 1,Ejercicio 3 Opción B,verdadero o falso
2015,química,termoquimica,Reserva 2,Ejercicio 6 Opción A,cálculo de la entalpía (ley de Hess)
2015,química,termoquimica,Reserva 3,Ejercicio 5 Opción B,cálculo de la entalpía (ley de Hess)
2015,química,termoquimica,Reserva 4,Ejercicio 5 Opción A,cálculo de la entalpía (energía de enlace)
2015,química,termoquimica,Septiembre,Ejercicio 5 Opción A,Qv y Qp
2015,química,termoquimica,Junio,Ejercicio 6 Opción B,cálculo de la entalpía (formación)
2015,química,termoquimica,Reserva 1,Ejercicio 3 Opción B,verdadero o falso
2015,química,termoquimica,Reserva 2,Ejercicio 6 Opción A,cálculo de la entalpía (ley de Hess)
2015,química,termoquimica,Reserva 3,Ejercicio 5 Opción B,cálculo de la entalpía (ley de Hess)
2015,química,termoquimica,Reserva 4,Ejercicio 5 Opción A,cálculo de la entalpía (energía de enlace)
2014,química,termoquimica,Junio,Ejercicio 5 Opción A,cálculo de la entalpía (formación)
2014,química,termoquimica,Reserva 1,Ejercicio 5 Opción B,Qv y Qp
2014,química,termoquimica,Reserva 2,Ejercicio 4 Opción A,Qv y Qp
2014,química,termoquimica,Reserva 2,Ejercicio 6 Opción B,cálculo de la entalpía (formación)
2014,química,termoquimica,Reserva 3,Ejercicio 3 Opción B,estudio de espontaneidad
2014,química,termoquimica,Reserva 4,Ejercicio 5 Opción A,cálculo de la entalpía (energía de enlace)
2014,química,termoquimica,Septiembre,Ejercicio 6 Opción A,cálculo de la entalpía (ley de Hess)
2014,química,termoquimica,Junio,Ejercicio 5 Opción A,cálculo de la entalpía (formación)
2014,química,termoquimica,Reserva 1,Ejercicio 5 Opción B,Qv y Qp
2014,química,termoquimica,Reserva 2,Ejercicio 4 Opción A,Qv y Qp
2014,química,termoquimica,Reserva 2,Ejercicio 6 Opción B,cálculo de la entalpía (formación)
2014,química,termoquimica,Reserva 3,Ejercicio 3 Opción B,estudio de espontaneidad
2014,química,termoquimica,Reserva 4,Ejercicio 5 Opción A,cálculo de la entalpía (energía de enlace)
2014,química,termoquimica,Septiembre,Ejercicio 6 Opción A,cálculo de la entalpía (ley de Hess)
2013,química,termoquimica,Junio,Ejercicio 6 Opción A,cálculo de la entalpía (formación)
2013,química,termoquimica,Reserva 1,Ejercicio 4 Opción A,energía interna
2013,química,termoquimica,Reserva 2,Ejercicio 5 Opción A,reacción de combustión
2013,química,termoquimica,Reserva 3,Ejercicio 5 Opción B,Qv y Qp
2013,química,termoquimica,Reserva 4,Ejercicio 5 Opción A,cálculo de la entalpía (ley de Hess)
2013,química,termoquimica,Septiembre,Ejercicio 3 Opción B,Qv y Qp
2013,química,termoquimica,Junio,Ejercicio 6 Opción A,cálculo de la entalpía (formación)
2013,química,termoquimica,Reserva 1,Ejercicio 4 Opción A,energía interna
2013,química,termoquimica,Reserva 2,Ejercicio 5 Opción A,reacción de combustión
2013,química,termoquimica,Reserva 3,Ejercicio 5 Opción B,Qv y Qp
2013,química,termoquimica,Reserva 4,Ejercicio 5 Opción A,cálculo de la entalpía (ley de Hess)
2013,química,termoquimica,Septiembre,Ejercicio 3 Opción B,Qv y Qp
2012,química,termoquimica,Junio,Ejercicio 4 Opción A,cálculo cualitativo de entropía
2012,química,termoquimica,Junio,Ejercicio 6 Opción B,cálculo de energía libre de Gibbs
2012,química,termoquimica,Reserva 1,Ejercicio 3 Opción B,verdadero o falso
2012,química,termoquimica,Reserva 2,Ejercicio 5 Opción B,cálculo de la entalpía (ley de Hess)
2012,química,termoquimica,Reserva 3,Ejercicio 5 Opción A,cálculo de la entalpía (formación)
2012,química,termoquimica,Reserva 4,Ejercicio 5 Opción A,cálculo de la entalpía (formación)
2012,química,termoquimica,Septiembre,Ejercicio 6 Opción A,energía interna
2012,química,termoquimica,Septiembre,Ejercicio 3 Opción B,diagramas entálpicos
2012,química,termoquimica,Junio,Ejercicio 4 Opción A,cálculo cualitativo de entropía
2012,química,termoquimica,Junio,Ejercicio 6 Opción B,cálculo de energía libre de Gibbs
2012,química,termoquimica,Reserva 1,Ejercicio 3 Opción B,verdadero o falso
2012,química,termoquimica,Reserva 2,Ejercicio 5 Opción B,cálculo de la entalpía (ley de Hess)
2012,química,termoquimica,Reserva 3,Ejercicio 5 Opción A,cálculo de la entalpía (formación)
2012,química,termoquimica,Reserva 4,Ejercicio 5 Opción A,cálculo de la entalpía (formación)
2012,química,termoquimica,Septiembre,Ejercicio 6 Opción A,energía interna
2012,química,termoquimica,Septiembre,Ejercicio 3 Opción B,diagramas entálpicos
2011,química,termoquimica,Junio,Ejercicio 5 Opción B,Qv y Qp
2011,química,termoquimica,Reserva 1,Ejercicio 6 Opción A,estudio de espontaneidad
2011,química,termoquimica,Reserva 2,Ejercicio 4 Opción A,cálculo cualitativo de entropía
2011,química,termoquimica,Reserva 2,Ejercicio 6 Opción B,estudio de espontaneidad
2011,química,termoquimica,Reserva 3,Ejercicio 3 Opción B,verdadero o falso
2011,química,termoquimica,Reserva 4,Ejercicio 5 Opción A,cálculo de la entalpía (formación)
2011,química,termoquimica,Septiembre,Ejercicio 5 Opción A,cálculo de la entalpía (ley de Hess)
2011,química,termoquimica,Junio,Ejercicio 5 Opción B,Qv y Qp
2011,química,termoquimica,Reserva 1,Ejercicio 6 Opción A,estudio de espontaneidad
2011,química,termoquimica,Reserva 2,Ejercicio 4 Opción A,cálculo cualitativo de entropía
2011,química,termoquimica,Reserva 2,Ejercicio 6 Opción B,estudio de espontaneidad
2011,química,termoquimica,Reserva 3,Ejercicio 3 Opción B,verdadero o falso
2011,química,termoquimica,Reserva 4,Ejercicio 5 Opción A,cálculo de la entalpía (formación)
2011,química,termoquimica,Septiembre,Ejercicio 5 Opción A,cálculo de la entalpía (ley de Hess)
2010,química,termoquimica,Junio,Ejercicio 4 Opción A,verdadero o falso
2010,química,termoquimica,Junio,Ejercicio 6 Opción B,cálculo de energía libre de Gibbs
2010,química,termoquimica,Reserva 1,Ejercicio 3 Opción B,estudio de espontaneidad
2010,química,termoquimica,Reserva 2,Ejercicio 6 Opción A,cálculo de la entalpía (formación)
2010,química,termoquimica,Reserva 3,Ejercicio 5 Opción A,Qv y Qp
2010,química,termoquimica,Reserva 4,Ejercicio 5 Opción A,cálculo de la entalpía (formación)
2010,química,termoquimica,Septiembre,Ejercicio 5 Opción B,cálculo de la entalpía (energía de enlace)
2010,química,termoquimica,Junio,Ejercicio 4 Opción A,verdadero o falso
2010,química,termoquimica,Junio,Ejercicio 6 Opción B,cálculo de energía libre de Gibbs
2010,química,termoquimica,Reserva 1,Ejercicio 3 Opción B,estudio de espontaneidad
2010,química,termoquimica,Reserva 2,Ejercicio 6 Opción A,cálculo de la entalpía (formación)
2010,química,termoquimica,Reserva 3,Ejercicio 5 Opción A,Qv y Qp
2010,química,termoquimica,Reserva 4,Ejercicio 5 Opción A,cálculo de la entalpía (formación)
2010,química,termoquimica,Septiembre,Ejercicio 5 Opción B,cálculo de la entalpía (energía de enlace)
2009,química,termoquimica,Junio,Ejercicio 6 Opción A,reacción de combustión
2009,química,termoquimica,Reserva 1,Ejercicio 5 Opción B,reacción de combustión
2009,química,termoquimica,Reserva 2,Ejercicio 4 Opción A,estudio de espontaneidad
2009,química,termoquimica,Reserva 2,Ejercicio 6 Opción B,reacción de combustión
2009,química,termoquimica,Reserva 3,Ejercicio 3 Opción B,Qv y Qp
2009,química,termoquimica,Reserva 4,Ejercicio 5 Opcion A,cálculo de la entalpía (ley de Hess)
2009,química,termoquimica,Septiembre,Ejercicio 5 Opción A,cálculo de la entalpía (ley de Hess)
2009,química,termoquimica,Junio,Ejercicio 6 Opción A,reacción de combustión
2009,química,termoquimica,Reserva 1,Ejercicio 5 Opción B,reacción de combustión
2009,química,termoquimica,Reserva 2,Ejercicio 4 Opción A,estudio de espontaneidad
2009,química,termoquimica,Reserva 2,Ejercicio 6 Opción B,reacción de combustión
2009,química,termoquimica,Reserva 3,Ejercicio 3 Opción B,Qv y Qp
2009,química,termoquimica,Reserva 4,Ejercicio 5 Opcion A,cálculo de la entalpía (ley de Hess)
2009,química,termoquimica,Septiembre,Ejercicio 5 Opción A,cálculo de la entalpía (ley de Hess)
2008,química,termoquimica,Junio,Ejercicio 5 Opción A,cálculo de la entalpía (formación)
2008,química,termoquimica,Reserva 1,Ejercicio 3 Opcion B,verdadero o falso
2008,química,termoquimica,Reserva 2,Ejercicio 5 Opción B,cálculo de la entalpía (formación)
2008,química,termoquimica,Reserva 3,Ejercicio 4 Opción A,verdadero o falso
2008,química,termoquimica,Reserva 3,Ejercicio 6 Opción B,estudio de espontaneidad
2008,química,termoquimica,Reserva 4,Ejercicio 5 Opción A,cálculo de la entalpía (ley de Hess)
2008,química,termoquimica,Septiembre,Ejercicio 6 Opción A,cálculo de la entalpía (energía de enlace)
2008,química,termoquimica,Junio,Ejercicio 5 Opción A,cálculo de la entalpía (formación)
2008,química,termoquimica,Reserva 1,Ejercicio 3 Opcion B,verdadero o falso
2008,química,termoquimica,Reserva 2,Ejercicio 5 Opción B,cálculo de la entalpía (formación)
2008,química,termoquimica,Reserva 3,Ejercicio 4 Opción A,verdadero o falso
2008,química,termoquimica,Reserva 3,Ejercicio 6 Opción B,estudio de espontaneidad
2008,química,termoquimica,Reserva 4,Ejercicio 5 Opción A,cálculo de la entalpía (ley de Hess)
2008,química,termoquimica,Septiembre,Ejercicio 6 Opción A,cálculo de la entalpía (energía de enlace)
2007,química,termoquimica,Junio,Ejercicio 6 Opción A,cálculo de la entalpía (ley de Hess)
2007,química,termoquimica,Reserva 1,Ejercicio 5 Opción A,cálculo de la entalpía (energía de enlace)
2007,química,termoquimica,Reserva 2,Ejercicio 3 Opción B,verdadero o falso
2007,química,termoquimica,Reserva 3,Ejercicio 5 Opción A,cálculo de la entalpía (formación)
2007,química,termoquimica,Reserva 4,Ejercicio 5 Opción B,estudio de espontaneidad
2007,química,termoquimica,Septiembre,Ejercicio 4 Opción A,verdadero o falso
2007,química,termoquimica,Septiembre,Ejercicio 6 Opción B,reacción de combustión
2007,química,termoquimica,Junio,Ejercicio 6 Opción A,cálculo de la entalpía (ley de Hess)
2007,química,termoquimica,Reserva 1,Ejercicio 5 Opción A,cálculo de la entalpía (energía de enlace)
2007,química,termoquimica,Reserva 2,Ejercicio 3 Opción B,verdadero o falso
2007,química,termoquimica,Reserva 3,Ejercicio 5 Opción A,cálculo de la entalpía (formación)
2007,química,termoquimica,Reserva 4,Ejercicio 5 Opción B,estudio de espontaneidad
2007,química,termoquimica,Septiembre,Ejercicio 4 Opción A,verdadero o falso
2007,química,termoquimica,Septiembre,Ejercicio 6 Opción B,reacción de combustión
2006,química,termoquimica,Junio,Ejercicio 3 Opción B,verdadero o falso
2006,química,termoquimica,Reserva 1,Ejercicio 5 Opción A,cálculo de la entalpía (formación)
2006,química,termoquimica,Reserva 2,Ejercicio 4 Opción A,estudio de espontaneidad
2006,química,termoquimica,Reserva 2,Ejercicio 6 Opción B,cálculo de la entalpía (energía de enlace)
2006,química,termoquimica,Reserva 3,Ejercicio 5 Opción A,cálculo de la entalpía (ley de Hess)
2006,química,termoquimica,Reserva 4,Ejercicio 5 Opción B,cálculo de la entalpía (formación)
2006,química,termoquimica,Septiembre,Ejercicio 6 Opción A,cálculo de la entalpía (formación)
2006,química,termoquimica,Junio,Ejercicio 3 Opción B,verdadero o falso
2006,química,termoquimica,Reserva 1,Ejercicio 5 Opción A,cálculo de la entalpía (formación)
2006,química,termoquimica,Reserva 2,Ejercicio 4 Opción A,estudio de espontaneidad
2006,química,termoquimica,Reserva 2,Ejercicio 6 Opción B,cálculo de la entalpía (energía de enlace)
2006,química,termoquimica,Reserva 3,Ejercicio 5 Opción A,cálculo de la entalpía (ley de Hess)
2006,química,termoquimica,Reserva 4,Ejercicio 5 Opción B,cálculo de la entalpía (formación)
2006,química,termoquimica,Septiembre,Ejercicio 6 Opción A,cálculo de la entalpía (formación)
2005,química,termoquimica,Junio,Ejercicio 6 Opción A,cálculo de la entalpía (formación)
2005,química,termoquimica,Reserva 1,Ejercicio 4 Opcion A,estudio de espontaneidad
2005,química,termoquimica,Reserva 1,Ejercicio 6 Opción B,cálculo de la entalpía (ley de Hess)
2005,química,termoquimica,Reserva 2,Ejercicio 5 Opción A,cálculo de la entalpía (ley de Hess)
2005,química,termoquimica,Reserva 3,Ejercicio 5 Opcion A,cálculo de la entalpía (ley de Hess)
2005,química,termoquimica,Reserva 4,Ejercicio 3 Opcion A,cuestión teórica
2005,química,termoquimica,Septiembre,Ejercicio 5 Opción B,cálculo de la entalpía (ley de Hess)
2005,química,termoquimica,Junio,Ejercicio 6 Opción A,cálculo de la entalpía (formación)
2005,química,termoquimica,Reserva 1,Ejercicio 4 Opcion A,estudio de espontaneidad
2005,química,termoquimica,Reserva 1,Ejercicio 6 Opción B,cálculo de la entalpía (ley de Hess)
2005,química,termoquimica,Reserva 2,Ejercicio 5 Opción A,cálculo de la entalpía (ley de Hess)
2005,química,termoquimica,Reserva 3,Ejercicio 5 Opcion A,cálculo de la entalpía (ley de Hess)
2005,química,termoquimica,Reserva 4,Ejercicio 3 Opcion A,cuestión teórica
2005,química,termoquimica,Septiembre,Ejercicio 5 Opción B,cálculo de la entalpía (ley de Hess)
2004,química,termoquimica,Junio,Ejercicio 6 Opcióon A,cálculo de la entalpía (formación)
2004,química,termoquimica,Reserva 1,Ejercicio 5 Opcion A,cálculo de la entalpía (energía de enlace)
2004,química,termoquimica,Reserva 2,Ejercicio 3 Opcion A,estudio de espontaneidad
2004,química,termoquimica,Reserva 3,Ejercicio 5 Opcion A,reacción de combustión
2004,química,termoquimica,Reserva 4,Ejercicio 4 Opción A,cálculo cualitativo de entropía
2004,química,termoquimica,Reserva 4,Ejercicio 6 Opción B,cálculo de la entalpía (formación)
2004,química,termoquimica,Septiembre,Ejercicio 5 Opción B,cálculo de la entalpía (energía de enlace)
2004,química,termoquimica,Junio,Ejercicio 6 Opcióon A,cálculo de la entalpía (formación)
2004,química,termoquimica,Reserva 1,Ejercicio 5 Opcion A,cálculo de la entalpía (energía de enlace)
2004,química,termoquimica,Reserva 2,Ejercicio 3 Opcion A,estudio de espontaneidad
2004,química,termoquimica,Reserva 3,Ejercicio 5 Opcion A,reacción de combustión
2004,química,termoquimica,Reserva 4,Ejercicio 4 Opción A,cálculo cualitativo de entropía
2004,química,termoquimica,Reserva 4,Ejercicio 6 Opción B,cálculo de la entalpía (formación)
2004,química,termoquimica,Septiembre,Ejercicio 5 Opción B,cálculo de la entalpía (energía de enlace)
2003,química,termoquimica,Junio,Ejercicio 5 Opción B,cálculo de la entalpía (formación)
2003,química,termoquimica,Reserva 1,Ejercicio 5 Opcion A,reacción de combustión
2003,química,termoquimica,Reserva 2,Ejercicio 3 Opción B,cálculo cualitativo de entropía
2003,química,termoquimica,Reserva 3,Ejercicio 6 Opción A,cálculo de la entalpía (energía de enlace)
2003,química,termoquimica,Reserva 4,Ejercicio 4 Opción A,Qv y Qp
2003,química,termoquimica,Reserva 4,Ejercicio 6 Opción B,cálculo de la entalpía (formación)
2003,química,termoquimica,Septiembre,Ejercicio 5 Opción B,cálculo de la entalpía (formación)
2003,química,termoquimica,Junio,Ejercicio 5 Opción B,cálculo de la entalpía (formación)
2003,química,termoquimica,Reserva 1,Ejercicio 5 Opcion A,reacción de combustión
2003,química,termoquimica,Reserva 2,Ejercicio 3 Opción B,cálculo cualitativo de entropía
2003,química,termoquimica,Reserva 3,Ejercicio 6 Opción A,cálculo de la entalpía (energía de enlace)
2003,química,termoquimica,Reserva 4,Ejercicio 4 Opción A,Qv y Qp
2003,química,termoquimica,Reserva 4,Ejercicio 6 Opción B,cálculo de la entalpía (formación)
2003,química,termoquimica,Septiembre,Ejercicio 5 Opción B,cálculo de la entalpía (formación)
2002,química,termoquimica,Junio,Ejercicio 5 Opción B,cálculo de la entalpía (formación)
2002,química,termoquimica,Reserva 2,Ejercicio 4 Opción A,cálculo cualitativo de entropía
2002,química,termoquimica,Reserva 2,Ejercicio 6 Opción B,cálculo de la entalpía (ley de Hess)
2002,química,termoquimica,Reserva 3,Ejercicio 6 Opción A,cálculo de la entalpía (formación)
2002,química,termoquimica,Reserva 4,Ejercicio 5 Opción B,cálculo de la entalpía (energía de enlace)
2002,química,termoquimica,Septiembre,Ejercicio 3 Opción B,verdadero o falso
2002,química,termoquimica,Junio,Ejercicio 5 Opción B,cálculo de la entalpía (formación)
2002,química,termoquimica,Reserva 2,Ejercicio 4 Opción A,cálculo cualitativo de entropía
2002,química,termoquimica,Reserva 2,Ejercicio 6 Opción B,cálculo de la entalpía (ley de Hess)
2002,química,termoquimica,Reserva 3,Ejercicio 6 Opción A,cálculo de la entalpía (formación)
2002,química,termoquimica,Reserva 4,Ejercicio 5 Opción B,cálculo de la entalpía (energía de enlace)
2002,química,termoquimica,Septiembre,Ejercicio 3 Opción B,verdadero o falso
2001,química,termoquimica,Reserva 1,Ejercicio 5 Opción A,cálculo de la entalpía (formación)
2001,química,termoquimica,Reserva 1,Ejercicio 2 Opción B,estudio de espontaneidad
2001,química,termoquimica,Reserva 2,Ejercicio 4 Opción A,estudio de espontaneidad
2001,química,termoquimica,Reserva 2,Ejercicio 6 Opción B,cálculo de la entalpía (formación)
2001,química,termoquimica,Reserva 3,Ejercicio 5 Opción A,cálculo de la entalpía (formación)
2001,química,termoquimica,Reserva 4,Ejercicio 5 Opción B,cálculo de la entalpía (ley de Hess)
2001,química,termoquimica,Septiembre,Ejercicio 5 Opción B,cálculo de la entalpía (formación)
2001,química,termoquimica,Reserva 1,Ejercicio 5 Opción A,cálculo de la entalpía (formación)
2001,química,termoquimica,Reserva 1,Ejercicio 2 Opción B,estudio de espontaneidad
2001,química,termoquimica,Reserva 2,Ejercicio 4 Opción A,estudio de espontaneidad
2001,química,termoquimica,Reserva 2,Ejercicio 6 Opción B,cálculo de la entalpía (formación)
2001,química,termoquimica,Reserva 3,Ejercicio 5 Opción A,cálculo de la entalpía (formación)
2001,química,termoquimica,Reserva 4,Ejercicio 5 Opción B,cálculo de la entalpía (ley de Hess)
2001,química,termoquimica,Septiembre,Ejercicio 5 Opción B,cálculo de la entalpía (formación)
2000,química,termoquimica,Reserva 1,Ejercicio 4 Opción B,diagramas entálpicos
2000,química,termoquimica,Reserva 2,Ejercicio 6 Opción A,energía interna
2000,química,termoquimica,Reserva 3,Ejercicio 5 Opción B,cálculo de la entalpía (formación)
2000,química,termoquimica,Reserva 4,Ejercicio 5 Opcion A,cálculo de la entalpía (ley de Hess)
2000,química,termoquimica,Septiembre,Ejercicio 3 Opción B,verdadero o falso
2000,química,termoquimica,Reserva 1,Ejercicio 4 Opción B,diagramas entálpicos
2000,química,termoquimica,Reserva 2,Ejercicio 6 Opción A,energía interna
2000,química,termoquimica,Reserva 3,Ejercicio 5 Opción B,cálculo de la entalpía (formación)
2000,química,termoquimica,Reserva 4,Ejercicio 5 Opcion A,cálculo de la entalpía (ley de Hess)
2000,química,termoquimica,Septiembre,Ejercicio 3 Opción B,verdadero o falso
2,,,,,
